sig,n_fafb,n_banc,n_mcns,max_count
7_75,1,1,1,1
33_101,1,1,1,1
14_71,1,1,1,1
54_115,1,1,1,1
109_75,1,1,1,1
102_18,1,1,1,1
86_102,1,1,1,1
92_18,1,1,1,1
12_73,1,1,1,1
130_48,1,1,1,1
66_102,1,1,1,1
98_82,1,1,1,1
83_84,1,1,1,1
81_102,1,1,1,1
73_100,1,1,1,1
57_89,1,1,1,1
41_101,1,1,1,1
86_30,1,1,1,1
42_84,1,1,1,1
2_57,1,1,1,1
63_93,1,1,1,1
68_15,1,1,1,1
120_68,1,1,1,1
50_12,1,1,1,1
124_73,1,1,1,1
79_81,1,1,1,1
88_87,1,1,1,1
39_84,1,1,1,1
140_43,1,1,1,1
92_24,1,1,1,1
44_98,1,1,1,1
106_35,1,1,1,1
74_106,1,1,1,1
11_67,1,1,1,1
84_75,1,1,1,1
4_68,1,1,1,1
70_104,1,1,1,1
99_56,1,1,1,1
98_33,1,1,1,1
92_54,1,1,1,1
105_57,1,1,1,1
63_71,1,1,1,1
83_87,1,1,1,1
79_108,1,1,1,1
114_59,1,1,1,1
48_4,1,1,1,1
51_86,1,1,1,1
39_72,1,1,1,1
47_81,1,1,1,1
59_118,1,1,1,1
31_94,1,1,1,1
37_86,1,1,1,1
91_31,1,1,1,1
36_110,1,1,1,1
88_105,1,1,1,1
29_92,1,1,1,1
89_75,1,1,1,1
72_110,1,1,1,1
125_55,1,1,1,1
90_1,1,1,1,1
91_62,1,1,1,1
63_84,1,1,1,1
107_67,1,1,1,1
55_87,1,1,1,1
108_45,1,1,1,1
107_46,1,1,1,1
103_93,1,1,1,1
50_95,1,1,1,1
97_93,1,1,1,1
10_73,1,1,1,1
72_111,1,1,1,1
40_116,1,1,1,1
83_104,1,1,1,1
46_101,1,1,1,1
80_97,1,1,1,1
100_64,1,1,1,1
89_109,1,1,1,1
87_108,1,1,1,1
100_84,1,1,1,1
66_69,1,1,1,1
104_36,1,1,1,1
60_88,1,1,1,1
66_119,1,1,1,1
33_89,1,1,1,1
81_29,1,1,1,1
90_45,1,1,1,1
96_93,1,1,1,1
72_18,1,1,1,1
53_79,1,1,1,1
52_100,1,1,1,1
100_81,1,1,1,1
124_69,1,1,1,1
94_86,1,1,1,1
3_95,1,1,1,1
71_105,1,1,1,1
28_89,1,1,1,1
59_74,1,1,1,1
89_73,1,1,1,1
143_41,1,1,1,1
94_82,1,1,1,1
140_36,1,1,1,1
122_71,1,1,1,1
96_16,1,1,1,1
56_85,1,1,1,1
13_74,1,1,1,1
22_97,1,1,1,1
75_86,1,1,1,1
38_81,1,1,1,1
116_64,1,1,1,1
44_132,1,1,1,1
116_51,1,1,1,1
32_92,1,1,1,1
71_13,1,1,1,1
98_100,1,1,1,1
90_100,1,1,1,1
113_61,1,1,1,1
103_87,1,1,1,1
56_87,1,1,1,1
129_66,1,1,1,1
49_81,1,1,1,1
104_74,1,1,1,1
56_71,1,1,1,1
55_97,1,1,1,1
125_57,1,1,1,1
30_82,1,1,1,1
57_82,1,1,1,1
109_72,1,1,1,1
112_87,1,1,1,1
101_30,1,1,1,1
90_49,1,1,1,1
83_16,1,1,1,1
48_93,1,1,1,1
88_93,1,1,1,1
73_66,1,1,1,1
77_110,1,1,1,1
105_74,1,1,1,1
74_95,1,1,1,1
42_90,1,1,1,1
61_114,1,1,1,1
89_21,1,1,1,1
77_104,1,1,1,1
34_89,1,1,1,1
92_95,1,1,1,1
59_127,1,1,1,1
100_95,1,1,1,1
78_108,1,1,1,1
64_116,1,1,1,1
116_66,1,1,1,1
95_82,1,1,1,1
45_77,1,1,1,1
84_80,1,1,1,1
53_85,1,1,1,1
71_111,1,1,1,1
66_1,1,1,1,1
70_86,1,1,1,1
116_43,1,1,1,1
58_106,1,1,1,1
5_61,1,1,1,1
115_68,1,1,1,1
28_91,1,1,1,1
51_82,1,1,1,1
115_53,1,1,1,1
105_64,1,1,1,1
97_44,1,1,1,1
122_62,1,1,1,1
82_80,1,1,1,1
69_12,1,1,1,1
60_85,1,1,1,1
54_139,1,1,1,1
38_94,1,1,1,1
77_108,1,1,1,1
10_82,1,1,1,1
57_1,1,1,1,1
65_94,1,1,1,1
54_105,1,1,1,1
3_52,1,1,1,1
73_70,1,1,1,1
108_30,1,1,1,1
78_113,1,1,1,1
82_79,1,1,1,1
132_63,1,1,1,1
124_26,1,1,1,1
113_28,1,1,1,1
46_79,1,1,1,1
98_68,1,1,1,1
83_83,1,1,1,1
62_117,1,1,1,1
115_56,1,1,1,1
79_93,1,1,1,1
88_111,1,1,1,1
51_120,1,1,1,1
0_68,1,1,1,1
60_126,1,1,1,1
89_78,1,1,1,1
111_57,1,1,1,1
138_61,1,1,1,1
82_90,1,1,1,1
111_58,1,1,1,1
54_93,1,1,1,1
108_69,1,1,1,1
104_56,1,1,1,1
68_114,1,1,1,1
5_92,1,1,1,1
122_51,1,1,1,1
103_33,1,1,1,1
52_101,1,1,1,1
116_65,1,1,1,1
66_123,1,1,1,1
82_20,1,1,1,1
109_62,1,1,1,1
71_12,1,1,1,1
104_43,1,1,1,1
73_86,1,1,1,1
2_61,1,1,1,1
86_73,1,1,1,1
64_85,1,1,1,1
36_80,1,1,1,1
89_68,1,1,1,1
92_27,1,1,1,1
78_114,1,1,1,1
80_118,1,1,1,1
133_52,1,1,1,1
114_69,1,1,1,1
107_82,1,1,1,1
106_28,1,1,1,1
127_57,1,1,1,1
90_101,1,1,1,1
125_42,1,1,1,1
14_73,1,1,1,1
73_19,1,1,1,1
132_59,1,1,1,1
86_20,1,1,1,1
67_26,2,1,1,2
69_27,2,2,2,2
107_30,1,2,2,2
12_87,1,1,2,2
99_49,2,1,1,2
85_25,2,2,2,2
69_100,2,1,2,2
96_25,2,2,2,2
90_89,2,2,1,2
103_81,2,1,1,2
15_70,2,2,2,2
97_84,2,1,2,2
91_87,2,1,1,2
88_85,2,1,1,2
61_71,2,2,1,2
94_43,2,2,1,2
53_9,1,2,1,2
97_92,2,1,1,2
102_38,1,1,2,2
89_76,1,1,2,2
47_8,1,2,2,2
91_27,1,1,2,2
72_16,1,2,1,2
40_93,2,1,2,2
109_58,2,2,2,2
110_87,2,1,1,2
89_25,2,1,1,2
91_73,2,2,1,2
79_75,1,2,2,2
132_60,2,1,2,2
4_48,2,2,2,2
100_63,1,2,1,2
98_26,2,1,2,2
71_90,1,1,2,2
88_26,2,1,2,2
74_25,2,1,2,2
85_79,2,2,1,2
12_89,2,1,1,2
40_79,2,1,2,2
63_79,2,2,2,2
90_24,2,1,1,2
67_89,2,1,2,2
93_30,2,1,1,2
3_59,2,1,2,2
20_86,2,1,2,2
107_59,1,1,2,2
43_5,2,2,2,2
98_77,2,1,2,2
0_42,2,1,1,2
129_40,1,1,2,2
51_78,2,2,2,2
51_102,2,1,1,2
69_79,1,2,2,2
40_5,2,1,2,2
106_60,1,1,2,2
29_85,2,1,2,2
96_66,2,1,1,2
67_80,1,1,2,2
102_80,2,1,2,2
76_81,2,1,1,2
83_22,1,2,1,2
124_72,2,1,1,2
62_80,1,2,1,2
38_62,2,1,2,2
98_53,2,2,1,2
71_96,2,1,2,2
100_54,2,1,2,2
89_63,1,2,2,2
65_71,2,2,2,2
118_82,1,1,2,2
75_82,1,2,2,2
60_77,2,1,2,2
96_44,2,2,2,2
41_85,2,2,1,2
59_14,2,2,2,2
88_96,2,1,1,2
120_53,2,1,1,2
90_84,2,1,1,2
61_21,2,2,1,2
68_97,1,1,2,2
62_119,2,2,1,2
116_71,2,2,2,2
47_88,1,1,2,2
12_71,1,2,2,2
89_31,2,1,1,2
1_37,2,2,2,2
98_62,2,1,1,2
81_74,2,1,2,2
41_95,1,1,2,2
61_12,1,1,2,2
102_66,1,1,2,2
69_71,1,2,2,2
116_47,1,2,1,2
10_59,2,2,2,2
120_80,2,1,2,2
70_82,2,2,1,2
87_85,2,1,2,2
11_88,1,1,2,2
12_64,2,2,2,2
57_87,2,1,1,2
35_82,1,2,2,2
70_91,2,1,1,2
36_69,2,1,2,2
12_67,2,2,1,2
83_92,2,1,2,2
46_9,2,2,2,2
45_85,2,1,1,2
101_57,2,1,1,2
77_30,1,1,2,2
103_86,2,1,1,2
101_71,2,1,2,2
100_99,1,1,2,2
125_74,1,1,2,2
8_76,1,1,2,2
89_71,1,2,2,2
106_37,2,1,2,2
129_35,2,1,1,2
73_68,2,1,1,2
98_34,2,1,2,2
42_81,1,2,1,2
37_92,2,1,1,2
70_71,1,2,1,2
109_85,1,2,1,2
7_56,2,2,1,2
77_68,1,1,2,2
30_80,1,2,2,2
133_59,2,1,1,2
83_31,2,1,2,2
96_74,1,1,2,2
60_10,1,1,2,2
95_87,1,1,2,2
118_67,2,1,2,2
95_95,2,1,2,2
64_88,2,2,1,2
40_76,1,1,2,2
88_29,2,2,1,2
71_108,1,2,1,2
94_73,1,1,2,2
57_111,1,1,2,2
6_59,2,2,1,2
77_71,2,1,2,2
80_105,1,1,2,2
122_58,2,1,1,2
63_109,1,2,1,2
58_84,2,2,1,2
28_90,2,1,1,2
74_16,1,1,2,2
64_80,2,2,1,2
49_84,2,2,1,2
73_24,2,2,2,2
101_52,1,1,2,2
81_60,1,1,2,2
113_48,1,2,1,2
87_79,2,2,2,2
57_88,2,1,2,2
94_78,1,2,2,2
47_9,1,2,1,2
65_17,2,2,1,2
48_82,2,1,1,2
88_25,2,1,2,2
43_86,2,1,2,2
10_66,2,2,2,2
86_56,2,1,2,2
59_115,2,1,1,2
86_108,1,2,1,2
41_82,1,2,1,2
6_63,2,1,1,2
64_92,2,1,1,2
55_75,1,2,2,2
102_50,2,2,2,2
17_76,2,2,2,2
113_78,1,1,2,2
80_90,1,1,2,2
105_70,1,2,1,2
108_40,2,1,1,2
96_37,2,2,1,2
51_95,2,1,2,2
83_78,1,1,2,2
82_93,2,1,2,2
73_36,2,1,2,2
74_64,2,2,2,2
102_84,2,1,2,2
95_96,2,1,2,2
36_76,2,1,2,2
116_57,2,1,2,2
99_63,2,1,1,2
100_60,2,1,1,2
95_73,2,1,1,2
65_82,2,1,2,2
46_106,2,1,2,2
48_87,2,1,2,2
71_93,2,1,1,2
117_49,2,1,2,2
128_66,2,1,1,2
112_81,1,1,2,2
90_34,1,1,2,2
70_94,2,1,2,2
93_97,2,1,1,2
83_103,2,1,1,2
109_80,2,1,1,2
84_99,2,2,1,2
113_24,1,1,2,2
38_91,1,2,1,2
55_13,2,2,1,2
86_85,2,1,2,2
96_87,1,1,2,2
126_51,1,2,1,2
127_72,2,2,1,2
75_23,1,1,2,2
51_9,2,1,1,2
72_81,2,2,2,2
40_68,2,2,1,2
83_17,1,1,2,2
105_63,2,2,1,2
87_27,1,1,2,2
72_101,1,1,2,2
41_80,1,1,2,2
77_95,2,2,1,2
77_17,2,2,1,2
49_11,2,1,2,2
40_86,2,1,2,2
1_53,2,1,2,2
111_52,2,1,2,2
74_81,2,2,1,2
72_61,2,1,2,2
92_39,2,1,2,2
73_71,2,2,2,2
10_81,1,1,2,2
130_46,2,1,1,2
82_96,2,2,2,2
80_77,1,1,2,2
105_82,2,2,1,2
70_93,1,2,1,2
73_85,1,2,1,2
88_79,2,1,1,2
84_64,2,1,2,2
76_18,1,2,2,2
95_72,2,1,1,2
98_36,2,1,2,2
72_79,1,2,1,2
109_57,2,1,2,2
59_87,1,1,2,2
4_50,1,2,1,2
59_84,1,2,1,2
95_99,2,2,2,2
53_82,2,1,1,2
46_80,1,2,1,2
122_73,2,1,1,2
68_67,2,1,2,2
32_72,2,1,1,2
79_73,2,1,2,2
87_66,2,1,2,2
110_72,2,1,1,2
62_81,1,2,2,2
96_76,2,1,1,2
60_111,1,2,1,2
93_43,2,1,2,2
77_100,2,2,2,2
107_69,2,1,1,2
58_81,1,1,2,2
70_76,2,1,1,2
85_81,1,2,2,2
73_75,2,1,2,2
70_107,1,1,2,2
115_46,1,1,2,2
41_87,1,1,2,2
7_78,1,1,2,2
75_84,2,1,1,2
84_103,2,1,2,2
118_63,2,1,1,2
39_6,2,1,2,2
36_95,2,1,1,2
76_89,1,1,2,2
106_63,2,2,1,2
116_36,2,2,2,2
76_84,1,2,1,2
71_67,1,1,2,2
89_61,1,2,2,2
56_82,1,2,1,2
94_90,2,1,1,2
39_74,2,1,1,2
102_86,2,1,1,2
96_58,2,2,1,2
37_77,1,2,2,2
88_55,1,1,2,2
57_85,2,2,1,2
75_75,1,1,2,2
53_87,2,2,1,2
79_69,1,2,1,2
113_71,2,2,2,2
96_72,1,1,2,2
95_44,2,1,2,2
87_74,2,1,2,2
121_34,1,1,2,2
54_96,2,1,1,2
107_31,1,2,1,2
104_61,1,1,2,2
73_87,2,1,2,2
116_68,2,1,1,2
104_67,2,1,1,2
110_86,2,1,1,2
102_60,1,2,1,2
75_71,1,1,2,2
73_27,1,1,2,2
78_96,2,2,1,2
37_78,2,2,1,2
82_38,2,1,1,2
60_73,2,2,2,2
93_83,2,2,1,2
73_67,2,1,2,2
6_73,1,1,2,2
95_53,2,2,2,2
101_83,1,1,2,2
131_1,1,2,1,2
52_84,2,1,2,2
58_78,1,1,2,2
69_104,1,2,2,2
61_79,1,2,1,2
63_89,2,1,1,2
59_133,2,1,1,2
82_83,2,1,2,2
116_79,2,1,1,2
90_67,2,2,2,2
62_103,1,2,2,2
70_101,2,2,2,2
93_57,2,2,2,2
43_82,2,1,2,2
69_67,1,1,2,2
88_28,2,2,2,2
104_81,2,1,2,2
97_91,1,2,1,2
92_77,1,1,2,2
90_25,2,1,2,2
76_76,1,2,2,2
109_70,1,2,2,2
87_75,2,2,2,2
82_27,2,2,2,2
85_83,2,1,1,2
106_86,2,1,1,2
91_64,2,1,1,2
61_91,1,1,2,2
92_50,2,2,2,2
92_41,1,1,2,2
31_74,2,1,2,2
58_85,2,1,1,2
59_89,2,1,1,2
83_86,1,1,2,2
118_75,2,1,1,2
91_70,2,1,1,2
61_102,2,1,1,2
118_36,2,1,2,2
130_58,2,1,1,2
81_105,2,1,1,2
83_25,2,2,2,2
116_56,2,1,2,2
103_67,1,2,2,2
70_78,2,1,2,2
90_22,1,2,2,2
93_53,2,1,2,2
73_61,2,2,2,2
66_89,1,2,2,2
85_34,2,1,1,2
126_70,1,1,2,2
94_38,1,1,2,2
96_54,1,1,2,2
37_90,2,1,1,2
64_87,2,1,1,2
96_69,2,1,2,2
53_109,1,1,2,2
57_74,1,1,2,2
112_64,2,1,1,2
72_89,2,1,1,2
31_88,1,1,2,2
72_98,1,1,2,2
74_105,1,1,2,2
65_76,2,2,1,2
110_57,2,2,2,2
89_74,1,1,2,2
42_79,1,2,1,2
85_47,1,2,2,2
64_14,1,2,2,2
102_65,1,2,2,2
62_12,2,2,1,2
70_19,2,2,2,2
109_31,1,2,1,2
77_64,1,2,2,2
76_91,1,1,2,2
97_66,2,2,2,2
89_100,2,1,1,2
82_86,1,1,2,2
97_62,1,1,2,2
109_59,1,2,2,2
30_88,2,2,2,2
102_54,1,2,2,2
39_91,1,2,1,2
77_87,2,1,1,2
114_83,2,1,1,2
102_70,1,2,1,2
34_90,1,2,2,2
88_71,1,1,2,2
49_82,2,2,1,2
132_49,1,1,2,2
93_74,1,1,2,2
42_83,2,1,1,2
127_51,2,1,2,2
101_32,2,1,1,2
54_74,1,1,2,2
123_54,2,1,1,2
67_98,2,1,2,2
32_86,1,1,2,2
51_94,1,1,2,2
8_72,1,1,2,2
61_86,2,1,1,2
90_90,1,2,1,2
102_52,1,1,2,2
69_94,2,1,2,2
13_58,1,2,2,2
47_84,1,1,2,2
84_102,2,2,1,2
42_89,2,1,1,2
62_79,1,2,2,2
102_64,2,1,1,2
37_88,1,1,2,2
106_85,2,1,1,2
79_38,2,2,2,2
124_64,1,2,2,2
50_100,2,1,1,2
132_57,1,1,2,2
91_34,1,1,2,2
58_88,2,1,1,2
94_83,1,2,1,2
45_99,1,2,1,2
91_78,2,1,1,2
104_88,1,1,2,2
92_97,1,1,2,2
32_96,2,2,1,2
58_14,1,1,2,2
86_54,2,2,2,2
60_70,2,2,2,2
114_60,1,1,2,2
101_37,1,1,2,2
78_32,2,1,2,2
96_71,1,1,2,2
41_72,2,1,1,2
56_97,2,2,1,2
90_108,1,1,2,2
75_73,2,1,1,2
118_81,2,1,1,2
38_95,1,2,1,2
47_65,2,2,2,2
95_24,2,2,1,2
128_57,1,2,2,2
42_88,1,1,2,2
130_70,2,1,2,2
78_105,2,1,2,2
135_50,1,1,2,2
58_94,1,2,2,2
62_111,2,1,1,2
67_76,2,1,1,2
85_57,1,1,2,2
60_121,1,2,1,2
98_57,2,1,2,2
97_94,1,1,2,2
7_54,2,1,1,2
65_93,2,1,2,2
81_93,1,1,2,2
50_88,2,1,1,2
91_32,2,2,2,2
115_67,2,1,2,2
129_43,2,1,1,2
109_73,2,1,2,2
11_65,2,2,2,2
109_79,1,1,2,2
64_73,2,1,1,2
45_90,2,2,1,2
115_73,2,1,1,2
72_13,2,1,2,2
58_128,2,1,1,2
85_77,1,1,2,2
43_104,1,2,1,2
99_83,2,1,1,2
2_44,2,2,1,2
70_60,1,2,2,2
114_63,1,1,2,2
105_79,2,2,1,2
55_103,1,2,1,2
71_109,1,1,2,2
101_89,1,2,1,2
53_97,2,2,1,2
64_94,2,1,1,2
100_45,2,1,1,2
83_32,2,1,2,2
85_82,2,1,2,2
68_101,1,1,2,2
34_85,1,2,1,2
103_41,1,1,2,2
91_61,2,1,1,2
99_53,1,2,2,2
56_10,2,2,1,2
32_90,1,1,2,2
108_79,2,1,2,2
75_106,1,2,2,2
49_65,2,2,1,2
3_55,1,1,2,2
104_39,2,1,2,2
101_69,1,1,2,2
89_32,2,1,1,2
55_95,1,2,1,2
114_73,1,1,2,2
79_36,1,2,2,2
63_123,2,1,1,2
96_62,2,1,2,2
94_100,2,1,1,2
9_70,1,1,2,2
75_68,2,1,2,2
55_88,1,1,2,2
37_89,2,2,2,2
8_65,2,1,2,2
58_15,1,2,2,2
86_36,1,1,2,2
72_122,1,2,2,2
67_88,1,2,1,2
87_71,2,1,2,2
60_69,1,2,2,2
58_97,1,1,2,2
86_103,1,1,2,2
115_32,2,1,1,2
92_40,1,2,2,2
79_72,2,2,2,2
35_89,2,1,1,2
9_67,1,1,2,2
87_72,1,2,1,2
56_12,1,2,1,2
71_86,1,1,2,2
93_76,2,1,2,2
76_51,2,1,1,2
121_68,1,2,2,2
67_110,1,1,2,2
85_84,2,1,1,2
78_69,1,1,2,2
54_76,2,2,2,2
105_90,2,1,1,2
118_61,2,1,1,2
78_95,1,1,2,2
63_83,1,1,2,2
90_82,1,1,2,2
46_5,1,1,2,2
119_40,1,1,2,2
79_44,1,2,2,2
72_76,1,1,2,2
116_63,2,1,1,2
97_90,1,2,1,2
91_37,1,1,2,2
68_110,1,1,2,2
33_66,2,1,2,2
65_116,1,2,1,2
93_82,1,2,2,2
134_47,1,2,1,2
98_74,1,2,2,2
88_12,1,1,2,2
19_88,1,2,2,2
48_90,2,1,1,2
109_88,1,1,2,2
68_100,1,1,2,2
101_68,1,1,2,2
34_78,2,1,2,2
80_25,1,1,2,2
87_80,2,2,2,2
121_71,1,2,1,2
85_93,1,1,2,2
55_84,2,2,1,2
77_94,2,1,2,2
80_28,1,2,2,2
83_27,2,2,2,2
84_29,1,2,2,2
122_48,1,1,2,2
64_95,1,1,2,2
70_80,1,1,2,2
82_30,1,2,2,2
138_54,1,1,2,2
77_15,1,2,1,2
108_42,1,1,2,2
36_64,2,2,2,2
153_43,2,2,1,2
68_75,2,2,1,2
80_65,2,1,1,2
70_81,1,2,1,2
116_40,1,1,2,2
97_42,1,1,2,2
83_19,1,1,2,2
86_17,1,1,2,2
74_73,1,2,2,2
63_96,1,1,2,2
111_69,1,1,2,2
30_3,1,2,2,2
59_79,1,1,2,2
61_76,1,2,1,2
85_75,1,2,1,2
84_79,1,1,2,2
121_70,2,2,2,2
1_42,1,1,2,2
46_87,1,2,2,2
42_9,1,2,2,2
86_16,1,1,2,2
44_7,1,1,2,2
121_59,1,2,1,2
110_63,2,1,2,2
118_28,1,2,1,2
7_66,1,1,2,2
74_15,1,1,2,2
37_81,2,1,1,2
91_66,1,1,2,2
118_29,1,2,1,2
32_83,1,2,2,2
43_65,1,1,2,2
92_101,1,1,2,2
49_83,1,1,2,2
98_95,1,2,2,2
56_84,1,2,2,2
94_60,1,2,2,2
92_29,1,2,1,2
87_19,1,2,1,2
55_114,1,2,1,2
77_23,1,2,2,2
123_69,2,2,1,2
98_11,1,1,2,2
72_69,1,1,2,2
82_31,1,1,2,2
2_60,1,2,1,2
66_15,1,2,1,2
81_0,1,2,1,2
114_0,1,1,2,2
84_33,2,1,3,3
0_54,3,1,1,3
93_44,1,3,2,3
63_69,2,3,3,3
91_41,3,1,2,3
63_19,3,1,3,3
114_72,3,1,1,3
129_64,3,1,1,3
52_64,3,3,3,3
66_24,3,3,2,3
77_18,3,1,1,3
59_59,3,1,3,3
87_105,2,3,1,3
109_36,1,2,3,3
86_83,1,3,1,3
106_82,3,1,3,3
42_8,2,3,3,3
45_57,3,3,3,3
104_59,2,3,2,3
97_26,3,1,2,3
114_62,3,1,1,3
88_45,1,3,2,3
118_41,1,2,3,3
61_44,3,3,2,3
100_39,2,1,3,3
57_66,3,3,2,3
51_88,1,3,2,3
49_90,3,2,2,3
82_109,1,3,1,3
89_82,1,1,3,3
42_69,3,3,3,3
84_31,1,1,3,3
4_53,3,2,3,3
80_57,2,3,2,3
104_77,3,2,1,3
100_67,3,2,3,3
83_13,2,2,3,3
72_72,3,2,2,3
103_35,1,1,3,3
72_73,3,1,2,3
53_77,2,3,3,3
74_31,1,1,3,3
76_80,1,3,2,3
61_68,2,2,3,3
103_71,3,3,2,3
73_73,3,1,3,3
97_41,1,1,3,3
3_49,2,1,3,3
47_64,3,1,3,3
81_72,3,1,2,3
100_40,3,2,1,3
83_41,3,2,2,3
75_28,2,1,3,3
62_55,3,3,3,3
71_55,3,3,1,3
96_28,3,1,2,3
1_35,2,3,3,3
84_37,1,1,3,3
100_68,3,1,2,3
13_65,1,3,2,3
104_53,2,1,3,3
88_41,2,3,3,3
49_76,1,3,3,3
14_68,2,2,3,3
85_29,3,2,2,3
78_61,3,1,3,3
28_83,2,1,3,3
99_84,1,2,3,3
83_56,3,1,1,3
81_20,1,1,3,3
45_78,3,2,2,3
98_78,3,2,1,3
42_5,3,1,2,3
4_51,2,3,2,3
69_73,3,3,1,3
72_62,3,1,2,3
64_74,3,2,3,3
95_77,1,3,1,3
68_16,2,2,3,3
80_20,3,1,2,3
99_26,3,1,2,3
65_52,2,1,3,3
35_91,3,1,1,3
92_44,1,1,3,3
50_75,2,3,3,3
42_68,2,2,3,3
105_65,3,1,2,3
103_60,3,1,3,3
99_75,2,3,1,3
94_65,3,1,2,3
72_34,3,3,3,3
104_58,1,2,3,3
62_100,3,1,1,3
61_81,3,3,1,3
9_63,1,3,1,3
71_94,3,1,2,3
64_86,2,1,3,3
86_70,3,1,1,3
66_79,2,3,3,3
80_19,3,1,1,3
76_68,2,1,3,3
85_60,2,2,3,3
106_68,3,2,1,3
77_31,3,1,3,3
96_48,3,2,3,3
99_37,3,1,1,3
77_28,3,1,3,3
61_72,3,1,2,3
84_77,3,1,1,3
73_51,1,2,3,3
104_60,1,1,3,3
74_63,3,2,2,3
66_73,3,1,2,3
94_53,1,1,3,3
9_57,1,2,3,3
49_77,3,3,2,3
47_79,3,2,3,3
76_62,3,3,3,3
87_47,1,1,3,3
56_62,3,2,2,3
127_67,1,1,3,3
73_20,3,1,2,3
92_75,2,3,1,3
66_23,1,3,3,3
85_56,2,1,3,3
57_9,2,3,1,3
98_39,1,1,3,3
110_55,3,1,1,3
80_36,3,2,2,3
77_24,3,2,3,3
92_74,3,1,3,3
18_77,3,3,3,3
98_37,2,1,3,3
18_80,3,1,2,3
52_16,3,3,1,3
67_19,2,1,3,3
45_81,2,3,1,3
74_48,1,3,2,3
86_68,3,1,1,3
57_21,1,3,3,3
56_76,3,1,3,3
117_53,2,1,3,3
102_78,2,2,3,3
18_72,3,1,3,3
88_82,3,1,1,3
95_42,3,1,3,3
48_89,3,1,3,3
97_39,2,2,3,3
125_46,1,2,3,3
69_98,1,3,1,3
86_28,2,1,3,3
93_72,3,1,3,3
79_85,3,1,2,3
99_76,3,1,3,3
104_92,1,3,3,3
69_69,3,1,2,3
100_17,1,1,3,3
91_57,2,3,1,3
94_33,3,1,1,3
49_71,3,2,3,3
56_17,3,3,3,3
66_78,3,3,1,3
90_78,2,1,3,3
71_69,3,2,3,3
59_70,2,3,2,3
104_24,1,1,3,3
92_85,3,1,2,3
61_78,3,1,2,3
51_77,2,1,3,3
79_14,1,3,1,3
85_52,2,3,3,3
110_71,2,3,2,3
104_75,2,1,3,3
82_74,2,1,3,3
80_22,3,1,2,3
63_12,1,2,3,3
88_24,3,1,3,3
96_27,3,1,3,3
99_86,3,1,2,3
65_72,3,2,2,3
106_80,2,3,1,3
68_63,3,1,3,3
51_12,2,2,3,3
61_97,1,2,3,3
93_23,2,2,3,3
57_72,1,3,3,3
40_8,2,3,3,3
79_34,3,2,1,3
71_66,3,2,2,3
67_69,1,2,3,3
95_34,3,1,3,3
108_82,2,1,3,3
89_65,2,2,3,3
59_80,2,1,3,3
1_46,2,1,3,3
52_79,3,2,1,3
28_77,1,1,3,3
50_74,3,3,2,3
22_1,3,3,1,3
51_66,3,2,2,3
81_37,3,2,2,3
81_79,2,3,2,3
92_36,3,1,1,3
79_68,3,1,2,3
31_75,2,2,3,3
104_89,2,1,3,3
38_82,3,3,2,3
81_26,3,3,2,3
72_78,2,2,3,3
33_63,3,1,3,3
76_75,3,1,1,3
62_74,3,2,1,3
62_22,3,2,2,3
56_73,3,2,1,3
36_82,3,1,3,3
85_48,3,1,3,3
87_50,2,1,3,3
100_50,3,3,1,3
80_76,3,3,2,3
82_92,3,2,2,3
90_46,2,1,3,3
99_60,1,1,3,3
127_65,2,1,3,3
86_89,1,2,3,3
59_11,1,3,2,3
45_11,2,3,3,3
70_77,2,1,3,3
89_45,1,1,3,3
68_98,1,3,3,3
84_61,1,3,1,3
41_4,1,3,2,3
60_86,3,1,2,3
74_45,2,3,2,3
88_75,3,1,2,3
72_77,3,1,2,3
49_74,1,2,3,3
49_79,3,2,3,3
96_92,3,1,2,3
69_28,3,3,3,3
43_73,2,2,3,3
78_85,3,2,1,3
61_85,3,1,1,3
96_45,2,2,3,3
57_98,1,1,3,3
65_51,3,3,2,3
63_51,3,2,2,3
73_39,3,3,3,3
102_43,3,3,3,3
74_30,3,1,3,3
29_80,3,1,3,3
75_81,3,3,2,3
51_99,1,3,1,3
55_86,2,1,3,3
86_63,2,1,3,3
75_116,1,1,3,3
65_67,3,1,2,3
96_99,1,2,3,3
47_82,2,1,3,3
102_69,3,2,2,3
124_52,1,1,3,3
66_12,1,2,3,3
89_84,1,2,3,3
92_68,1,2,3,3
67_102,1,3,2,3
82_89,1,3,1,3
74_72,2,3,3,3
57_70,1,3,2,3
80_64,1,3,2,3
75_33,2,2,3,3
90_52,1,3,3,3
97_87,3,1,1,3
115_49,1,1,3,3
34_96,1,1,3,3
82_98,1,1,3,3
56_67,3,3,2,3
68_71,3,2,1,3
81_86,2,3,2,3
40_83,3,3,2,3
87_69,3,2,3,3
29_77,2,2,3,3
99_81,1,2,3,3
78_84,3,1,1,3
69_56,3,1,2,3
108_61,3,1,3,3
87_29,3,2,3,3
86_57,3,2,3,3
93_107,2,1,3,3
61_74,3,2,3,3
12_61,1,3,3,3
94_71,3,2,1,3
90_53,1,1,3,3
45_89,2,1,3,3
94_63,3,3,1,3
83_33,1,3,3,3
95_63,2,3,3,3
76_64,2,1,3,3
1_40,3,1,3,3
85_35,1,3,3,3
106_38,3,1,1,3
78_97,2,2,3,3
99_45,2,3,2,3
4_46,2,3,2,3
88_49,3,1,2,3
32_79,3,1,2,3
87_43,3,1,3,3
87_58,3,1,3,3
63_73,1,3,3,3
65_84,1,1,3,3
39_75,3,2,2,3
1_39,3,3,1,3
78_43,3,2,1,3
112_49,1,2,3,3
53_93,1,3,1,3
36_72,2,1,3,3
65_15,2,2,3,3
77_77,2,3,3,3
42_87,2,3,1,3
77_76,2,2,3,3
71_80,2,3,1,3
33_84,3,1,1,3
68_105,3,2,2,3
76_72,3,2,1,3
70_62,2,3,3,3
96_60,1,1,3,3
79_89,1,2,3,3
64_19,2,3,3,3
47_75,2,3,2,3
55_77,1,3,3,3
98_69,3,1,1,3
106_74,3,1,2,3
53_65,1,1,3,3
55_82,2,2,3,3
48_76,1,1,3,3
93_93,1,3,3,3
71_34,2,1,3,3
104_30,3,1,2,3
50_89,3,2,3,3
66_27,1,3,1,3
80_59,3,2,2,3
79_79,3,2,3,3
35_72,3,2,3,3
50_72,2,3,3,3
83_60,3,3,2,3
60_91,3,1,1,3
79_25,1,3,2,3
58_82,1,3,3,3
76_61,3,1,3,3
110_70,2,1,3,3
34_2,1,3,2,3
91_68,1,3,1,3
95_88,1,1,3,3
97_86,1,3,3,3
44_75,2,1,3,3
93_80,1,1,3,3
79_55,3,1,3,3
81_83,1,1,3,3
105_56,3,1,1,3
67_71,3,3,2,3
111_67,1,3,1,3
94_85,2,3,1,3
71_85,1,3,1,3
67_62,2,1,3,3
62_70,2,2,3,3
84_70,2,3,2,3
16_77,3,1,3,3
88_76,3,1,1,3
82_46,2,3,3,3
67_83,1,3,2,3
89_49,2,2,3,3
37_96,2,1,3,3
73_90,1,1,3,3
101_46,1,1,3,3
61_98,2,1,3,3
84_22,2,3,1,3
112_48,3,1,3,3
83_34,1,1,3,3
65_59,3,2,2,3
57_76,1,2,3,3
58_83,2,3,2,3
77_82,3,2,2,3
39_89,1,3,1,3
80_52,3,1,3,3
48_77,3,1,2,3
114_75,3,1,1,3
78_63,2,3,3,3
44_10,1,3,2,3
89_70,1,2,3,3
41_77,1,3,3,3
62_83,3,1,3,3
35_76,3,2,1,3
56_68,1,2,3,3
63_91,2,1,3,3
93_42,1,1,3,3
87_56,3,3,3,3
12_57,1,3,3,3
72_80,2,1,3,3
68_30,2,1,3,3
47_69,1,3,3,3
84_52,3,2,3,3
52_126,3,2,1,3
44_85,3,1,3,3
5_57,2,2,3,3
79_22,3,2,2,3
94_72,3,2,2,3
74_76,2,1,3,3
47_86,1,1,3,3
51_70,2,3,2,3
120_67,3,2,1,3
31_81,3,1,2,3
51_71,1,1,3,3
90_36,2,3,3,3
93_99,1,1,3,3
69_77,3,1,1,3
80_68,1,2,3,3
82_65,1,1,3,3
85_20,3,1,3,3
57_77,2,2,3,3
9_51,3,2,3,3
54_86,3,2,3,3
0_32,3,1,3,3
51_91,2,2,3,3
67_61,1,1,3,3
25_87,1,1,3,3
50_10,1,3,1,3
96_80,1,2,3,3
82_34,1,1,3,3
91_76,3,2,2,3
78_30,1,2,3,3
34_83,2,1,3,3
0_39,2,3,1,3
29_71,1,3,3,3
76_97,2,1,3,3
90_58,1,1,3,3
75_70,2,3,2,3
38_73,3,2,1,3
82_69,3,1,2,3
95_48,3,2,2,3
99_58,2,3,2,3
97_74,1,1,3,3
44_90,1,3,1,3
95_47,3,3,2,3
49_75,2,3,3,3
4_45,2,3,2,3
109_51,1,1,3,3
50_92,1,3,1,3
123_59,2,1,3,3
103_94,1,1,3,3
90_70,3,1,2,3
97_82,3,1,3,3
84_28,1,2,3,3
62_69,1,2,3,3
81_34,2,3,2,3
64_108,1,3,1,3
99_62,2,3,3,3
99_47,2,1,3,3
71_29,3,3,3,3
31_4,2,3,2,3
40_73,1,2,3,3
85_30,3,2,2,3
97_80,2,2,3,3
42_74,2,2,3,3
69_85,2,2,3,3
41_84,1,2,3,3
76_52,2,2,3,3
98_41,1,1,3,3
59_83,3,1,1,3
109_86,3,1,1,3
15_72,1,1,3,3
88_59,3,2,3,3
79_47,3,2,3,3
47_90,2,1,3,3
8_58,2,2,3,3
114_46,3,1,1,3
43_76,2,1,3,3
102_57,1,2,3,3
72_96,1,1,3,3
87_81,1,3,1,3
94_48,2,2,3,3
74_58,2,3,2,3
57_81,2,2,3,3
85_100,1,1,3,3
89_60,1,1,3,3
57_59,2,3,3,3
62_56,3,2,2,3
60_81,1,2,3,3
81_82,1,3,1,3
92_91,3,1,1,3
84_26,3,1,1,3
95_81,1,3,3,3
74_57,3,3,3,3
78_79,2,3,1,3
81_50,3,3,3,3
88_50,3,1,2,3
57_13,3,1,3,3
45_75,3,2,3,3
34_1,1,2,3,3
66_74,3,2,3,3
80_82,2,3,2,3
65_86,3,1,3,3
80_75,3,2,2,3
103_66,3,1,1,3
86_111,2,1,3,3
64_69,3,3,3,3
99_69,3,2,3,3
97_56,1,2,3,3
99_92,1,1,3,3
35_77,1,1,3,3
80_92,2,2,3,3
81_66,3,2,3,3
108_71,2,1,3,3
53_64,2,3,2,3
60_64,3,2,2,3
1_43,1,3,2,3
57_8,1,3,1,3
104_63,1,1,3,3
59_76,1,2,3,3
61_94,2,2,3,3
48_66,2,3,2,3
59_88,1,1,3,3
73_22,1,2,3,3
49_1,1,3,1,3
26_1,2,3,3,3
32_74,3,2,2,3
89_91,3,1,2,3
109_55,1,2,3,3
91_53,2,1,3,3
32_61,3,3,1,3
87_40,3,2,1,3
69_92,1,3,3,3
58_12,1,3,3,3
53_12,1,3,2,3
103_45,2,1,3,3
53_94,3,2,2,3
90_40,2,1,3,3
82_67,3,2,2,3
77_43,3,1,1,3
107_71,3,1,1,3
43_90,1,2,3,3
85_50,2,1,3,3
83_38,1,2,3,3
41_83,1,1,3,3
92_67,2,2,3,3
91_98,3,1,2,3
98_66,3,2,2,3
66_68,3,2,2,3
43_78,1,2,3,3
85_103,1,1,3,3
80_56,3,2,3,3
88_51,3,1,3,3
31_3,1,2,3,3
73_74,1,1,3,3
65_13,1,1,3,3
63_70,2,2,3,3
75_87,1,3,3,3
77_79,2,3,2,3
74_49,2,1,3,3
110_53,1,1,3,3
81_38,3,1,2,3
49_85,2,2,3,3
41_79,1,3,1,3
34_67,3,1,3,3
89_94,1,2,3,3
84_90,1,3,1,3
88_90,1,3,1,3
49_94,2,1,3,3
77_69,1,3,2,3
30_78,3,2,1,3
85_62,3,1,3,3
94_66,1,3,3,3
77_26,3,3,1,3
86_72,1,1,3,3
62_65,2,2,3,3
128_72,3,1,1,3
51_84,1,3,1,3
83_76,1,3,2,3
44_71,2,2,3,3
59_73,1,1,3,3
77_97,3,1,1,3
76_98,3,1,1,3
100_97,1,2,3,3
108_59,1,3,1,3
82_70,1,1,3,3
2_45,2,3,1,3
81_88,1,1,3,3
18_86,1,3,1,3
35_96,2,1,3,3
5_53,1,2,3,3
108_73,2,2,3,3
27_75,2,2,3,3
22_83,2,1,3,3
85_88,1,1,3,3
84_55,1,1,3,3
83_29,1,3,1,3
70_35,2,2,3,3
82_48,1,1,3,3
28_78,1,2,3,3
66_14,1,1,3,3
105_68,1,1,3,3
95_59,1,3,3,3
79_99,2,3,1,3
83_65,2,2,3,3
76_31,1,1,3,3
71_19,1,1,3,3
107_58,1,1,3,3
98_29,1,1,3,3
84_82,1,3,1,3
69_17,3,2,1,3
50_81,1,3,1,3
89_95,1,1,3,3
86_43,1,1,3,3
63_85,1,2,3,3
15_60,2,3,1,3
44_84,1,2,3,3
64_71,1,3,3,3
52_90,2,3,3,3
63_58,1,3,3,3
21_89,1,1,3,3
44_9,2,3,3,3
28_86,1,1,3,3
27_80,1,3,3,3
52_12,1,1,3,3
70_13,1,1,3,3
111_50,2,1,3,3
84_16,1,1,3,3
82_32,1,1,3,3
47_72,1,3,3,3
67_20,1,2,3,3
55_91,2,1,3,3
108_60,2,3,3,3
64_64,1,3,1,3
90_60,1,1,3,3
88_52,1,1,3,3
66_87,1,2,3,3
97_47,1,3,1,3
69_70,1,1,3,3
63_64,1,1,3,3
62_14,1,1,3,3
43_7,1,3,1,3
61_92,1,1,3,3
90_75,1,1,3,3
70_15,2,1,3,3
67_15,1,3,1,3
81_24,1,1,3,3
75_102,1,1,3,3
59_92,1,3,1,3
51_1,1,3,1,3
71_68,1,1,3,3
82_44,1,2,3,3
87_45,1,3,3,3
28_4,1,2,3,3
80_85,1,1,3,3
103_83,1,2,3,3
16_74,1,1,3,3
100_71,1,3,3,3
89_33,1,3,3,3
94_0,1,3,2,3
74_0,1,3,2,3
68_26,4,1,3,4
75_76,3,1,4,4
49_95,3,4,2,4
76_24,4,3,1,4
70_58,4,3,2,4
22_86,1,1,4,4
66_56,3,1,4,4
59_37,4,2,4,4
81_63,4,2,3,4
93_71,1,1,4,4
71_35,3,4,4,4
51_89,4,1,1,4
74_54,3,3,4,4
89_86,3,4,1,4
64_68,4,4,3,4
59_60,3,3,4,4
55_58,4,4,1,4
41_10,4,3,4,4
90_64,4,1,2,4
51_81,4,2,1,4
99_50,3,1,4,4
68_46,4,3,3,4
68_36,4,4,4,4
54_71,4,2,4,4
31_69,4,2,3,4
27_83,4,1,4,4
76_49,4,1,3,4
80_29,4,3,3,4
78_42,3,1,4,4
66_64,4,3,2,4
3_33,2,4,3,4
74_65,4,1,4,4
64_22,4,1,4,4
62_76,3,4,3,4
109_68,4,1,2,4
41_61,4,1,4,4
93_64,4,3,3,4
32_3,2,1,4,4
87_42,3,1,4,4
74_71,4,1,2,4
39_73,4,2,3,4
51_61,4,1,4,4
65_49,3,2,4,4
15_67,4,3,2,4
59_62,3,2,4,4
6_54,2,2,4,4
53_15,2,4,3,4
64_15,3,4,1,4
101_58,3,1,4,4
2_38,4,4,3,4
42_61,4,3,4,4
68_87,4,2,3,4
80_71,4,1,4,4
73_65,2,4,4,4
62_25,3,2,4,4
31_77,2,3,4,4
122_72,4,1,1,4
75_61,4,2,3,4
84_63,1,3,4,4
91_43,1,2,4,4
70_59,2,2,4,4
32_76,4,1,4,4
33_78,3,1,4,4
74_59,4,1,3,4
62_62,4,1,1,4
103_31,4,1,1,4
83_39,4,1,4,4
27_3,3,2,4,4
51_68,2,2,4,4
55_68,3,3,4,4
60_79,4,1,1,4
58_62,4,2,4,4
34_62,4,2,2,4
61_55,4,1,3,4
61_75,4,2,3,4
70_29,2,1,4,4
57_67,3,1,4,4
84_24,1,1,4,4
9_65,2,1,4,4
91_49,1,2,4,4
44_72,4,1,1,4
83_42,4,2,3,4
59_56,4,4,4,4
60_67,4,3,1,4
32_71,2,1,4,4
60_74,3,2,4,4
46_69,1,1,4,4
1_51,4,2,1,4
108_58,2,1,4,4
57_52,4,3,2,4
70_17,2,4,3,4
94_58,3,2,4,4
76_56,4,1,4,4
68_64,4,4,3,4
74_22,4,2,2,4
68_79,4,2,4,4
64_32,4,3,2,4
56_83,1,4,2,4
65_36,4,2,2,4
58_59,3,1,4,4
49_16,2,4,3,4
12_59,2,2,4,4
53_75,4,2,1,4
37_63,4,3,2,4
87_49,2,4,3,4
38_60,4,2,3,4
79_33,2,2,4,4
44_76,4,2,3,4
69_61,4,2,1,4
67_58,4,3,2,4
49_66,1,4,1,4
60_65,4,3,2,4
55_65,4,3,4,4
68_32,3,3,4,4
73_46,2,3,4,4
104_52,4,1,2,4
81_49,2,3,4,4
84_60,3,1,4,4
3_41,1,2,4,4
64_70,1,4,2,4
1_33,4,3,3,4
76_30,4,3,3,4
103_65,2,3,4,4
86_80,3,4,1,4
68_62,4,3,3,4
115_69,2,1,4,4
13_59,3,3,4,4
46_55,4,4,2,4
89_42,4,2,3,4
34_73,4,2,2,4
49_78,2,2,4,4
61_28,3,2,4,4
30_5,4,4,4,4
113_79,2,1,4,4
81_92,4,1,3,4
63_76,4,2,2,4
61_60,3,2,4,4
71_79,3,2,4,4
67_49,4,2,2,4
75_83,2,1,4,4
74_66,4,1,3,4
25_84,3,1,4,4
90_30,1,1,4,4
43_64,3,4,3,4
87_33,1,1,4,4
59_78,3,1,4,4
41_69,3,4,4,4
42_4,1,1,4,4
73_28,3,1,4,4
89_36,3,2,4,4
69_40,3,3,4,4
51_63,3,2,4,4
71_45,2,3,4,4
37_71,4,3,3,4
100_48,3,2,4,4
66_81,3,4,2,4
79_67,2,4,2,4
41_67,4,2,3,4
75_38,4,2,2,4
66_67,4,3,2,4
66_59,4,4,3,4
71_71,2,2,4,4
40_74,4,2,4,4
65_73,3,4,2,4
57_50,4,4,3,4
84_54,2,4,2,4
63_78,4,2,3,4
8_54,3,4,3,4
77_63,1,2,4,4
86_81,2,4,3,4
76_27,4,1,1,4
83_57,2,2,4,4
75_36,3,4,4,4
13_62,3,4,1,4
86_39,1,1,4,4
57_15,4,3,3,4
35_83,4,3,1,4
84_66,4,2,3,4
65_19,4,3,2,4
1_36,4,3,2,4
79_74,3,2,4,4
76_54,3,1,4,4
47_89,3,2,4,4
64_27,3,4,4,4
97_85,2,2,4,4
80_63,3,4,1,4
46_77,4,2,3,4
35_63,3,2,4,4
35_71,4,1,4,4
111_81,4,1,1,4
72_32,2,2,4,4
75_48,4,2,4,4
80_48,1,2,4,4
36_71,4,2,3,4
46_11,3,3,4,4
95_62,3,2,4,4
62_15,1,3,4,4
79_53,4,3,3,4
81_87,2,2,4,4
71_39,4,4,3,4
66_83,1,2,4,4
85_24,2,2,4,4
0_38,4,2,1,4
68_66,3,2,4,4
9_53,3,4,4,4
53_59,4,3,4,4
72_42,3,2,4,4
34_65,4,2,3,4
78_71,4,1,1,4
90_55,4,2,2,4
92_52,1,2,4,4
78_100,2,4,1,4
70_40,4,1,3,4
46_89,4,2,3,4
36_59,3,3,4,4
48_72,4,2,3,4
77_29,4,1,1,4
89_46,3,1,4,4
42_80,4,1,4,4
91_46,4,2,2,4
73_29,2,1,4,4
60_66,4,2,4,4
66_70,4,4,3,4
50_64,4,2,2,4
42_73,2,2,4,4
58_60,4,4,2,4
48_78,1,1,4,4
76_66,2,2,4,4
35_8,4,3,4,4
23_1,3,4,4,4
74_67,2,1,4,4
84_81,4,1,3,4
75_80,4,1,2,4
59_53,4,2,3,4
41_65,4,3,4,4
29_70,4,2,2,4
78_72,3,4,3,4
8_59,2,1,4,4
74_86,4,4,4,4
44_83,4,1,1,4
55_89,4,1,3,4
95_55,4,3,3,4
53_66,2,2,4,4
61_59,3,4,3,4
78_26,4,1,4,4
100_76,4,1,1,4
54_14,1,4,3,4
53_63,4,3,3,4
36_7,4,3,4,4
83_62,3,3,4,4
68_60,2,4,4,4
89_54,3,1,4,4
96_46,2,2,4,4
92_65,2,2,4,4
64_18,2,3,4,4
61_66,3,2,4,4
61_80,4,2,1,4
30_75,4,2,3,4
74_62,4,1,3,4
73_42,2,3,4,4
85_71,3,1,4,4
29_73,4,2,4,4
48_61,4,1,3,4
73_79,4,1,1,4
40_65,4,3,4,4
77_90,3,2,4,4
78_31,4,1,4,4
3_50,4,1,1,4
41_58,4,3,4,4
77_80,1,2,4,4
71_26,4,1,3,4
88_31,4,2,2,4
57_57,4,1,4,4
68_68,4,1,3,4
44_69,4,2,3,4
64_89,2,4,2,4
32_59,2,2,4,4
74_23,4,1,1,4
72_46,2,3,4,4
60_68,2,4,3,4
55_67,4,2,4,4
71_21,2,1,4,4
62_26,2,2,4,4
88_48,2,3,4,4
20_88,1,1,4,4
89_35,1,4,1,4
86_61,3,2,4,4
52_83,3,2,4,4
68_59,2,4,1,4
63_34,3,4,4,4
56_15,4,2,3,4
95_83,2,1,4,4
62_63,3,2,4,4
82_40,1,2,4,4
37_1,2,3,4,4
2_49,1,2,4,4
76_38,4,3,2,4
62_59,4,1,4,4
71_65,4,2,2,4
50_82,1,1,4,4
54_70,4,4,3,4
91_65,2,2,4,4
66_18,1,2,4,4
99_73,2,4,1,4
65_74,4,1,1,4
60_18,3,4,2,4
89_48,4,1,1,4
60_63,4,3,4,4
78_56,3,1,4,4
28_1,1,2,4,4
79_49,1,1,4,4
91_67,2,1,4,4
33_73,3,1,4,4
102_59,4,2,3,4
11_58,1,1,4,4
56_16,2,2,4,4
85_42,1,1,4,4
76_73,2,3,4,4
54_83,4,1,1,4
81_58,3,2,4,4
92_103,4,2,3,4
82_71,1,2,4,4
27_92,1,1,4,4
79_24,4,1,4,4
51_14,4,3,3,4
88_67,4,3,3,4
92_48,2,2,4,4
59_16,4,2,3,4
54_62,4,2,2,4
80_54,4,1,2,4
82_37,2,3,4,4
15_63,2,1,4,4
73_62,1,3,4,4
57_60,2,4,4,4
75_78,4,1,1,4
84_43,4,1,3,4
41_7,1,4,1,4
10_52,1,4,3,4
63_82,2,1,4,4
47_70,2,2,4,4
73_88,3,1,4,4
38_71,1,1,4,4
73_80,1,2,4,4
37_69,4,1,2,4
73_55,4,3,3,4
98_44,3,1,4,4
70_98,1,4,1,4
91_63,2,2,4,4
46_71,2,4,3,4
86_88,1,1,4,4
82_58,2,1,4,4
32_77,4,1,1,4
68_61,4,2,3,4
67_25,3,3,4,4
47_73,4,4,4,4
66_19,4,4,3,4
44_79,4,1,2,4
54_85,4,2,2,4
66_60,4,2,2,4
80_55,3,1,4,4
67_85,4,2,2,4
99_64,3,1,4,4
67_118,2,1,4,4
50_68,2,4,4,4
94_54,1,4,2,4
91_58,4,2,3,4
36_66,4,2,3,4
22_85,4,1,4,4
94_42,3,1,4,4
85_43,1,3,4,4
65_88,2,1,4,4
55_73,2,4,3,4
57_61,4,2,4,4
40_71,4,2,4,4
67_63,2,4,4,4
10_54,3,4,3,4
67_22,2,3,4,4
84_32,2,1,4,4
62_61,3,2,4,4
45_71,4,2,4,4
62_72,4,3,3,4
93_79,4,2,3,4
68_19,4,2,2,4
76_90,1,1,4,4
50_84,1,1,4,4
63_43,4,2,4,4
52_61,4,2,4,4
61_42,4,4,4,4
69_80,4,2,4,4
45_79,4,1,1,4
98_87,4,1,2,4
111_51,1,1,4,4
90_76,4,3,4,4
60_75,2,4,2,4
75_26,2,1,4,4
59_98,1,2,4,4
83_59,4,1,1,4
67_30,4,1,2,4
72_35,3,2,4,4
38_75,4,1,1,4
42_72,2,1,4,4
43_89,2,1,4,4
66_76,4,2,2,4
48_10,1,4,4,4
51_65,1,3,4,4
1_44,2,1,4,4
76_85,2,2,4,4
82_64,1,1,4,4
73_21,3,1,4,4
33_71,1,2,4,4
80_51,4,1,2,4
86_76,4,1,1,4
70_95,1,4,1,4
104_55,1,1,4,4
97_58,4,1,4,4
45_63,2,3,4,4
36_77,4,1,4,4
60_17,2,2,4,4
33_7,4,3,3,4
80_53,2,1,4,4
41_59,3,1,4,4
49_73,4,1,3,4
62_16,2,1,4,4
123_53,1,1,4,4
56_60,3,4,3,4
67_97,1,1,4,4
65_90,4,3,1,4
93_33,1,1,4,4
73_64,2,1,4,4
103_62,1,4,2,4
92_51,4,2,2,4
54_73,2,1,4,4
113_45,1,1,4,4
90_29,4,1,4,4
83_63,3,2,4,4
31_67,4,3,2,4
61_82,3,1,4,4
67_24,2,2,4,4
83_37,2,1,4,4
59_22,4,2,4,4
70_37,4,1,2,4
76_78,1,4,3,4
46_72,2,1,4,4
47_62,4,3,2,4
106_84,4,1,3,4
62_67,2,3,4,4
37_67,3,4,1,4
32_63,3,3,4,4
16_73,1,1,4,4
36_2,1,2,4,4
81_47,2,1,4,4
91_71,2,1,4,4
91_81,1,4,3,4
74_70,4,1,2,4
86_35,3,4,3,4
89_51,1,3,4,4
46_74,2,4,1,4
36_67,1,2,4,4
76_69,1,1,4,4
62_78,2,1,4,4
69_87,2,1,4,4
76_34,4,1,4,4
70_72,4,2,2,4
31_72,4,1,3,4
12_69,1,2,4,4
104_47,2,1,4,4
72_29,3,4,4,4
71_75,2,2,4,4
88_43,2,1,4,4
88_53,1,2,4,4
63_81,1,4,1,4
45_73,4,1,3,4
97_36,2,1,4,4
80_18,1,4,2,4
92_55,1,1,4,4
83_66,1,2,4,4
54_68,1,2,4,4
48_67,1,4,1,4
87_62,3,1,4,4
15_74,4,1,1,4
63_40,2,4,4,4
102_42,1,1,4,4
97_73,2,1,4,4
68_72,1,2,4,4
79_45,2,2,4,4
98_47,1,1,4,4
83_77,1,1,4,4
86_64,2,3,4,4
28_79,1,1,4,4
69_68,2,3,4,4
49_97,2,1,4,4
84_94,1,1,4,4
91_36,4,2,1,4
36_78,2,4,1,4
75_96,1,4,1,4
78_58,2,4,4,4
79_37,1,2,4,4
65_58,1,3,4,4
66_85,2,1,4,4
50_65,3,3,4,4
87_67,1,4,4,4
32_4,1,4,3,4
26_73,3,2,4,4
41_63,4,2,4,4
96_84,2,1,4,4
99_74,2,1,4,4
32_64,4,3,1,4
67_77,1,2,4,4
8_63,1,1,4,4
86_55,1,4,3,4
8_57,1,4,2,4
42_70,1,3,4,4
78_28,1,2,4,4
53_73,2,1,4,4
10_74,1,2,4,4
79_104,4,2,1,4
26_86,1,1,4,4
81_61,2,3,4,4
111_85,1,1,4,4
110_51,1,1,4,4
50_87,1,1,4,4
68_58,3,4,2,4
74_74,2,1,4,4
45_70,1,1,4,4
53_78,1,4,1,4
45_80,1,3,4,4
34_79,2,1,4,4
3_36,1,4,1,4
61_70,2,4,3,4
56_99,2,4,2,4
79_50,1,4,3,4
25_1,1,4,2,4
38_68,2,1,4,4
68_85,1,1,4,4
76_20,1,1,4,4
52_75,1,2,4,4
14_62,1,3,4,4
77_65,2,4,4,4
45_9,1,4,4,4
46_76,2,1,4,4
98_64,2,2,4,4
77_61,1,3,4,4
52_13,1,2,4,4
61_15,2,4,2,4
44_78,1,3,4,4
38_83,1,1,4,4
84_68,1,4,2,4
42_63,2,1,4,4
40_62,2,3,4,4
14_64,1,2,4,4
110_69,3,1,4,4
30_83,4,2,1,4
82_50,2,1,4,4
74_68,2,1,4,4
3_46,1,3,4,4
68_49,2,3,4,4
79_57,2,4,4,4
89_28,3,1,4,4
77_40,3,2,4,4
99_94,1,1,4,4
74_77,1,1,4,4
57_64,3,4,3,4
60_90,1,1,4,4
53_74,1,4,3,4
69_23,2,3,4,4
86_60,2,2,4,4
7_52,3,1,4,4
97_25,1,1,4,4
82_28,4,4,1,4
85_80,1,1,4,4
88_78,1,4,4,4
74_88,1,1,4,4
71_78,1,1,4,4
6_55,2,4,2,4
115_83,1,1,4,4
91_54,3,1,4,4
27_79,1,1,4,4
41_75,1,1,4,4
74_33,2,1,4,4
102_46,1,1,4,4
86_65,1,2,4,4
71_14,1,2,4,4
59_17,1,1,4,4
35_1,1,1,4,4
106_42,1,1,4,4
68_65,1,2,4,4
84_91,1,1,4,4
93_66,1,4,3,4
46_82,1,3,4,4
49_13,1,4,3,4
51_69,1,3,4,4
69_59,1,2,4,4
86_24,2,2,4,4
42_3,1,1,4,4
88_86,1,1,4,4
56_0,1,4,4,4
47_0,1,2,4,4
70_48,3,3,5,5
33_67,4,2,5,5
6_44,4,5,4,5
70_66,5,2,2,5
1_31,4,1,5,5
82_49,5,2,4,5
75_49,4,4,5,5
30_59,4,2,5,5
86_67,4,2,5,5
35_60,4,3,5,5
82_66,5,1,4,5
56_20,4,4,5,5
75_44,3,3,5,5
38_8,3,5,2,5
47_78,4,2,5,5
48_65,5,3,5,5
69_20,1,1,5,5
66_54,5,5,4,5
47_68,5,2,3,5
72_25,5,2,3,5
40_7,5,1,2,5
81_32,5,3,4,5
37_61,5,4,5,5
69_41,2,1,5,5
51_15,5,2,5,5
28_82,5,1,2,5
61_16,5,5,2,5
37_57,5,4,5,5
74_46,5,2,5,5
88_66,3,3,5,5
55_51,5,3,5,5
72_27,3,1,5,5
60_26,5,1,4,5
35_6,2,5,2,5
77_58,5,4,5,5
81_54,2,3,5,5
45_67,4,2,5,5
85_58,5,3,3,5
37_65,5,1,1,5
87_48,5,1,3,5
74_69,5,1,3,5
55_55,5,4,4,5
71_27,2,2,5,5
58_54,2,5,4,5
62_53,5,3,3,5
80_42,2,1,5,5
66_57,2,4,5,5
84_35,3,2,5,5
65_66,5,3,3,5
63_54,5,3,2,5
63_17,2,3,5,5
53_14,5,5,3,5
76_42,5,3,3,5
52_71,3,2,5,5
10_53,1,4,5,5
43_66,5,3,4,5
61_64,4,1,5,5
46_12,3,2,5,5
81_65,5,1,4,5
80_50,5,2,5,5
89_53,5,1,2,5
49_15,2,2,5,5
54_16,4,2,5,5
62_57,3,1,5,5
2_42,5,2,4,5
79_86,2,2,5,5
32_62,5,4,3,5
53_62,5,3,4,5
78_68,3,5,3,5
63_22,1,2,5,5
59_54,5,3,4,5
79_59,3,2,5,5
62_60,5,1,3,5
3_45,3,2,5,5
80_62,3,1,5,5
58_47,5,3,4,5
81_52,3,1,5,5
38_67,3,5,3,5
73_37,5,1,3,5
54_65,5,4,5,5
33_6,3,5,4,5
70_25,1,1,5,5
36_63,5,3,1,5
78_46,1,1,5,5
81_43,2,2,5,5
30_64,3,1,5,5
36_58,5,4,5,5
44_56,4,5,3,5
53_72,5,4,1,5
72_87,1,1,5,5
6_51,1,2,5,5
67_59,5,2,4,5
54_12,3,3,5,5
48_69,2,2,5,5
76_63,4,1,5,5
43_81,3,5,1,5
80_46,2,3,5,5
46_68,5,2,4,5
43_10,3,4,5,5
30_73,4,3,5,5
61_51,2,4,5,5
65_57,5,1,5,5
11_61,1,5,1,5
35_61,5,3,4,5
28_75,5,1,4,5
29_4,1,5,3,5
81_30,5,1,2,5
64_58,5,2,5,5
88_56,3,1,5,5
44_65,1,3,5,5
1_29,5,4,2,5
81_51,2,1,5,5
86_66,3,1,5,5
74_50,5,1,3,5
65_62,3,5,2,5
35_67,5,2,4,5
52_57,5,1,4,5
41_76,1,5,5,5
87_100,5,3,1,5
71_58,3,4,5,5
72_38,5,3,5,5
43_84,5,2,1,5
56_54,5,1,2,5
71_24,3,2,5,5
78_53,4,2,5,5
71_63,5,1,4,5
57_56,5,2,4,5
46_81,5,2,4,5
82_51,4,3,5,5
24_3,2,5,5,5
70_65,4,2,5,5
61_38,5,2,5,5
58_28,5,3,5,5
31_68,5,2,2,5
75_31,5,1,2,5
65_61,4,5,1,5
51_18,4,5,4,5
50_77,5,2,1,5
68_21,4,2,5,5
4_47,3,1,5,5
34_72,4,2,5,5
57_18,2,1,5,5
80_30,1,1,5,5
88_62,5,1,2,5
38_70,5,1,5,5
49_63,4,2,5,5
52_78,3,2,5,5
82_68,2,2,5,5
56_61,2,4,5,5
64_16,5,3,4,5
52_14,5,3,3,5
61_47,5,4,4,5
71_31,4,4,5,5
86_59,2,2,5,5
75_45,4,4,5,5
58_55,3,4,5,5
47_13,5,1,4,5
115_65,2,2,5,5
78_40,5,1,2,5
52_17,5,5,5,5
68_76,2,1,5,5
84_42,3,2,5,5
58_21,5,4,4,5
60_24,2,1,5,5
4_44,3,5,2,5
70_50,3,2,5,5
64_66,5,4,2,5
21_88,1,1,5,5
20_1,3,4,5,5
34_74,1,1,5,5
42_75,5,2,2,5
38_64,5,3,2,5
78_65,3,2,5,5
67_32,5,1,3,5
55_59,5,5,4,5
35_68,4,3,5,5
62_64,2,2,5,5
33_62,5,4,4,5
67_27,3,4,5,5
35_66,5,3,4,5
91_50,2,1,5,5
55_66,3,3,5,5
34_70,3,1,5,5
85_39,2,2,5,5
65_55,5,3,5,5
6_50,2,5,2,5
64_59,2,1,5,5
52_70,4,1,5,5
66_55,5,1,5,5
80_73,5,1,4,5
68_22,2,3,5,5
37_62,4,5,1,5
76_67,5,4,4,5
69_62,5,4,4,5
79_70,2,1,5,5
5_47,2,1,5,5
8_50,2,3,5,5
29_75,5,1,3,5
77_62,5,1,5,5
5_49,1,4,5,5
81_73,2,1,5,5
2_35,3,5,1,5
75_58,5,1,5,5
89_39,4,1,5,5
57_16,4,4,5,5
58_63,5,4,3,5
97_55,5,3,4,5
61_53,5,2,5,5
40_77,5,1,3,5
90_66,3,1,5,5
52_74,2,2,5,5
88_36,3,1,5,5
85_61,3,1,5,5
59_55,2,2,5,5
73_69,5,1,3,5
62_58,3,1,5,5
40_72,5,1,1,5
72_40,5,2,3,5
9_52,1,5,5,5
63_25,3,1,5,5
115_80,2,2,5,5
45_66,5,1,4,5
80_74,3,2,5,5
85_49,5,1,2,5
74_51,4,1,5,5
84_49,5,2,2,5
81_55,5,2,5,5
19_78,4,1,5,5
100_75,3,1,5,5
61_56,2,5,5,5
36_70,3,2,5,5
78_36,3,2,5,5
2_46,2,5,2,5
42_60,5,2,4,5
75_25,5,2,3,5
67_21,1,2,5,5
72_24,3,1,5,5
68_20,1,1,5,5
60_20,5,3,4,5
26_3,2,5,4,5
28_69,3,1,5,5
80_45,1,2,5,5
71_42,5,2,2,5
67_50,1,1,5,5
40_59,4,5,3,5
48_11,5,4,4,5
53_76,1,3,5,5
55_63,5,1,3,5
84_51,4,1,5,5
81_69,2,1,5,5
59_72,2,5,2,5
95_45,1,1,5,5
75_65,3,3,5,5
76_33,2,2,5,5
38_72,4,1,5,5
57_63,4,1,5,5
33_72,2,2,5,5
15_64,2,2,5,5
68_18,1,2,5,5
90_42,2,2,5,5
45_76,5,2,2,5
81_84,1,5,2,5
64_20,3,2,5,5
68_52,3,3,5,5
67_54,3,2,5,5
44_14,5,2,4,5
3_44,2,1,5,5
97_48,2,1,5,5
42_67,4,1,5,5
30_67,5,2,3,5
55_80,3,2,5,5
72_63,1,1,5,5
89_50,2,1,5,5
55_64,3,3,5,5
78_62,2,1,5,5
51_56,2,5,2,5
91_55,3,2,5,5
72_56,1,2,5,5
53_50,5,5,5,5
83_48,2,1,5,5
56_77,2,2,5,5
68_25,2,2,5,5
100_57,2,2,5,5
71_61,5,1,2,5
77_39,5,2,2,5
87_64,2,5,2,5
53_58,5,2,2,5
62_73,2,5,1,5
39_58,3,2,5,5
63_36,4,5,3,5
58_51,5,5,2,5
77_51,2,2,5,5
39_4,1,2,5,5
46_60,5,4,4,5
69_55,2,4,5,5
11_53,1,3,5,5
53_69,5,2,2,5
43_69,5,1,3,5
72_74,5,1,3,5
78_22,3,2,5,5
60_43,3,3,5,5
70_75,5,1,3,5
61_62,3,1,5,5
43_71,3,2,5,5
79_42,3,5,4,5
72_58,5,1,3,5
75_56,5,2,4,5
66_28,3,3,5,5
49_10,5,2,2,5
75_35,5,2,5,5
85_74,5,1,2,5
38_7,2,5,4,5
56_55,2,3,5,5
15_62,5,2,3,5
63_26,4,1,5,5
77_74,1,5,4,5
29_63,4,4,5,5
48_71,2,5,4,5
65_31,4,5,2,5
83_85,4,2,5,5
78_44,1,4,5,5
61_19,3,1,5,5
83_68,5,2,1,5
50_60,2,4,5,5
36_65,2,2,5,5
78_91,2,1,5,5
104_64,5,1,1,5
25_88,1,1,5,5
55_69,2,1,5,5
106_64,3,1,5,5
45_82,3,2,5,5
115_78,3,1,5,5
37_70,1,5,1,5
76_43,3,3,5,5
54_75,2,4,5,5
47_71,2,2,5,5
32_68,5,1,2,5
36_73,4,3,5,5
9_54,1,2,5,5
67_72,5,1,5,5
101_56,1,1,5,5
89_67,1,1,5,5
84_36,5,1,1,5
87_35,1,1,5,5
8_49,3,5,2,5
76_47,1,4,5,5
34_69,3,1,5,5
66_61,5,3,3,5
88_42,3,1,5,5
52_58,2,5,5,5
90_71,1,1,5,5
78_52,5,4,4,5
60_53,3,4,5,5
60_60,4,3,5,5
66_50,4,2,5,5
74_36,2,5,4,5
63_18,2,5,3,5
81_41,2,1,5,5
59_68,3,1,5,5
84_67,2,1,5,5
58_33,4,2,5,5
49_88,1,1,5,5
29_2,1,2,5,5
42_65,5,2,1,5
35_2,2,1,5,5
86_42,1,1,5,5
39_64,2,2,5,5
63_16,1,5,1,5
73_76,3,3,5,5
63_44,4,4,5,5
39_67,3,1,5,5
44_64,4,5,5,5
64_79,1,3,5,5
69_66,2,1,5,5
83_61,1,1,5,5
75_43,3,2,5,5
11_57,1,1,5,5
71_83,3,3,5,5
95_39,1,1,5,5
60_16,2,1,5,5
5_51,3,2,5,5
77_54,2,2,5,5
87_59,2,1,5,5
59_61,1,2,5,5
72_30,2,1,5,5
55_11,2,1,5,5
87_38,5,2,5,5
70_23,2,2,5,5
100_41,1,1,5,5
79_63,5,2,3,5
93_40,1,1,5,5
15_57,1,1,5,5
8_56,1,5,5,5
69_24,2,1,5,5
79_62,4,1,5,5
39_63,3,2,5,5
38_66,5,5,3,5
76_41,1,4,5,5
65_34,3,1,5,5
73_59,3,3,5,5
77_33,3,3,5,5
39_76,2,1,5,5
46_10,2,2,5,5
47_67,3,2,5,5
34_66,5,1,1,5
75_63,1,5,4,5
91_48,1,1,5,5
50_62,5,4,5,5
52_68,3,3,5,5
86_51,1,1,5,5
11_62,1,5,2,5
75_59,2,3,5,5
62_33,1,5,4,5
35_70,2,3,5,5
73_15,1,5,2,5
73_44,2,3,5,5
44_8,1,4,5,5
71_82,1,4,5,5
69_29,1,4,5,5
44_74,1,1,5,5
53_71,1,2,5,5
49_62,5,3,4,5
62_20,3,1,5,5
82_43,1,3,5,5
25_86,1,1,5,5
71_20,2,2,5,5
83_49,1,3,5,5
77_37,5,1,4,5
9_60,1,1,5,5
63_21,2,3,5,5
51_67,5,4,4,5
79_41,1,2,5,5
111_74,1,1,5,5
32_2,1,1,5,5
41_64,2,1,5,5
51_73,2,1,5,5
79_32,3,1,5,5
85_65,1,1,5,5
76_39,1,1,5,5
64_23,1,3,5,5
61_20,1,5,3,5
59_12,1,5,2,5
69_60,2,1,5,5
75_69,2,2,5,5
77_53,2,2,5,5
79_76,1,1,5,5
65_21,1,2,5,5
75_34,1,3,5,5
99_80,1,2,5,5
35_5,2,5,2,5
6_49,2,2,5,5
65_77,1,5,2,5
12_63,1,5,2,5
56_66,1,3,5,5
7_50,1,2,5,5
47_15,1,5,5,5
63_20,1,2,5,5
89_56,1,1,5,5
88_58,1,3,5,5
74_78,1,2,5,5
45_69,1,1,5,5
10_55,1,5,3,5
92_43,1,2,5,5
33_4,2,4,5,5
9_56,1,5,3,5
52_73,1,5,2,5
44_68,1,3,5,5
36_6,1,5,2,5
43_0,1,5,4,5
39_0,1,5,4,5
41_0,1,4,5,5
0_28,6,2,4,6
60_83,6,3,2,6
51_59,5,2,6,6
56_75,6,2,3,6
14_55,4,1,6,6
72_43,4,2,6,6
25_4,5,6,3,6
49_64,5,3,6,6
45_8,3,1,6,6
33_65,6,3,6,6
95_71,6,1,3,6
54_72,3,2,6,6
51_72,6,1,5,6
24_1,2,6,5,6
64_50,6,3,6,6
0_26,6,4,5,6
81_59,6,2,6,6
33_68,4,1,6,6
17_69,6,2,2,6
3_37,6,6,5,6
55_62,6,5,4,6
29_7,5,6,6,6
16_68,1,2,6,6
54_15,6,4,6,6
70_52,6,4,1,6
54_18,5,2,6,6
53_51,4,6,6,6
70_34,6,3,5,6
67_40,1,4,6,6
13_57,6,2,6,6
108_48,1,1,6,6
81_67,5,4,6,6
16_67,3,2,6,6
33_61,6,1,6,6
79_43,4,2,6,6
71_59,6,3,5,6
60_62,3,1,6,6
47_17,6,4,5,6
58_25,6,6,5,6
56_25,3,4,6,6
73_25,3,1,6,6
62_48,2,4,6,6
59_57,6,3,6,6
59_19,3,1,6,6
80_81,4,3,6,6
75_29,2,2,6,6
59_32,6,2,5,6
63_67,5,6,4,6
60_39,5,3,6,6
64_48,4,3,6,6
70_46,4,5,6,6
39_53,6,3,6,6
4_40,5,5,6,6
57_41,4,5,6,6
55_26,5,5,6,6
70_69,6,1,2,6
34_64,6,2,2,6
71_72,4,6,3,6
42_59,6,5,6,6
73_18,3,6,2,6
60_58,6,3,5,6
55_49,6,2,4,6
24_84,3,1,6,6
81_56,3,4,6,6
8_48,3,6,6,6
62_54,4,3,6,6
59_24,2,6,6,6
71_28,6,1,5,6
7_53,1,1,6,6
17_67,4,1,6,6
42_12,4,3,6,6
66_62,5,2,6,6
34_59,6,2,6,6
41_68,6,3,3,6
16_75,6,1,3,6
68_35,5,3,6,6
39_68,5,1,6,6
46_67,2,6,5,6
73_58,3,2,6,6
87_39,6,1,4,6
75_54,6,2,3,6
61_25,6,2,6,6
62_50,4,4,6,6
64_28,5,6,4,6
94_59,1,1,6,6
33_51,5,4,6,6
87_54,3,1,6,6
68_54,6,3,3,6
73_47,6,1,6,6
63_60,4,6,3,6
31_60,6,4,4,6
66_30,4,2,6,6
1_34,5,1,6,6
77_44,3,2,6,6
68_45,6,1,3,6
52_15,4,6,3,6
77_50,4,1,6,6
47_14,6,5,4,6
34_63,6,1,5,6
79_40,1,1,6,6
62_75,3,1,6,6
86_44,3,1,6,6
21_1,3,6,3,6
75_32,5,2,6,6
84_38,2,1,6,6
43_70,2,3,6,6
70_39,2,4,6,6
57_17,5,4,6,6
55_60,6,2,4,6
30_68,6,1,2,6
48_64,3,2,6,6
59_64,3,5,6,6
60_19,3,1,6,6
50_19,6,5,6,6
71_43,5,3,6,6
66_42,3,4,6,6
54_17,6,3,4,6
67_67,2,1,6,6
41_71,3,2,6,6
63_56,2,2,6,6
56_49,3,3,6,6
19_79,5,1,6,6
39_71,3,3,6,6
64_55,4,6,4,6
79_56,4,2,6,6
40_82,1,1,6,6
45_15,5,5,6,6
72_45,3,2,6,6
68_47,3,2,6,6
46_13,6,4,2,6
65_22,1,2,6,6
82_39,4,1,6,6
67_18,4,1,6,6
68_57,6,4,3,6
74_38,3,2,6,6
56_50,6,3,4,6
64_63,4,1,6,6
64_41,2,2,6,6
26_2,1,6,5,6
66_40,6,3,4,6
64_65,4,3,6,6
72_39,3,2,6,6
30_1,1,3,6,6
75_52,3,1,6,6
74_56,5,1,6,6
70_31,4,1,6,6
85_59,2,1,6,6
62_93,2,1,6,6
91_72,3,1,6,6
0_35,6,1,2,6
62_23,3,3,6,6
72_41,5,1,6,6
65_30,5,3,6,6
50_61,6,4,6,6
55_53,3,2,6,6
55_17,6,6,5,6
61_23,2,5,6,6
63_62,6,2,1,6
78_51,3,3,6,6
48_68,5,4,6,6
73_49,5,2,6,6
78_64,4,2,6,6
41_11,2,4,6,6
85_27,6,1,2,6
42_76,6,1,1,6
12_54,4,4,6,6
74_61,3,2,6,6
44_59,4,3,6,6
62_24,4,2,6,6
73_41,5,2,6,6
70_57,6,2,5,6
33_56,6,4,4,6
63_38,2,5,6,6
48_14,3,6,6,6
73_26,3,2,6,6
98_52,1,2,6,6
32_65,4,1,6,6
39_51,4,3,6,6
29_62,6,1,6,6
56_69,6,2,3,6
73_63,2,1,6,6
0_33,6,3,3,6
60_28,3,4,6,6
90_59,2,1,6,6
25_76,5,2,6,6
31_64,4,4,6,6
77_59,6,2,6,6
38_61,6,1,4,6
95_60,4,2,6,6
68_40,2,1,6,6
73_40,2,3,6,6
29_59,3,1,6,6
76_35,3,1,6,6
95_57,2,2,6,6
41_70,1,1,6,6
52_63,2,1,6,6
46_65,6,3,5,6
61_83,3,1,6,6
75_64,6,3,6,6
84_65,6,2,4,6
60_55,6,2,4,6
37_58,6,4,3,6
21_75,5,1,6,6
57_55,6,4,6,6
77_57,4,3,6,6
65_25,5,1,6,6
84_48,2,1,6,6
85_53,2,2,6,6
32_66,6,1,2,6
17_74,2,1,6,6
61_13,1,6,2,6
73_43,4,4,6,6
39_65,4,1,6,6
35_58,6,1,2,6
45_61,4,6,3,6
81_53,4,2,6,6
93_61,3,1,6,6
93_60,1,1,6,6
67_38,2,6,6,6
79_61,1,4,6,6
27_4,2,4,6,6
67_65,3,1,6,6
9_55,2,5,6,6
36_68,6,1,3,6
52_54,3,6,4,6
42_78,4,1,6,6
70_41,6,3,5,6
97_61,2,1,6,6
23_2,2,6,5,6
79_48,6,1,3,6
44_62,3,2,6,6
69_21,2,2,6,6
75_72,3,2,6,6
36_61,6,1,5,6
62_92,4,1,6,6
36_53,4,6,6,6
47_63,4,6,6,6
38_65,5,6,6,6
85_72,3,2,6,6
67_64,6,5,4,6
46_61,6,2,5,6
54_13,3,6,1,6
53_60,4,1,6,6
30_56,5,2,6,6
47_55,4,6,6,6
38_59,5,5,6,6
86_47,3,2,6,6
70_67,6,2,2,6
40_66,3,2,6,6
76_14,1,6,1,6
61_29,3,1,6,6
2_33,5,4,6,6
12_58,2,6,5,6
44_66,2,1,6,6
58_64,3,2,6,6
59_65,4,1,6,6
49_58,4,4,6,6
55_72,2,2,6,6
70_64,3,2,6,6
64_53,4,3,6,6
98_59,2,1,6,6
59_25,2,2,6,6
40_63,6,5,6,6
68_55,4,2,6,6
62_18,6,2,4,6
92_58,3,1,6,6
80_41,1,1,6,6
68_24,1,5,6,6
73_31,1,1,6,6
58_72,2,4,6,6
43_58,6,4,5,6
34_55,5,5,6,6
37_54,6,2,6,6
62_39,2,2,6,6
77_66,1,1,6,6
34_58,4,4,6,6
67_28,3,5,6,6
71_44,1,2,6,6
61_61,6,3,2,6
88_40,2,2,6,6
51_11,2,3,6,6
38_9,5,5,6,6
52_51,3,5,6,6
59_63,1,5,6,6
71_38,1,4,6,6
70_45,1,1,6,6
16_61,3,3,6,6
65_46,5,4,6,6
84_34,3,3,6,6
70_63,3,1,6,6
66_41,1,5,6,6
62_46,3,5,6,6
26_87,3,1,6,6
96_65,3,2,6,6
63_61,1,2,6,6
57_68,3,1,6,6
73_50,1,1,6,6
46_66,2,5,6,6
25_85,2,1,6,6
19_83,1,1,6,6
77_46,2,1,6,6
77_41,1,2,6,6
10_57,2,6,3,6
15_65,2,4,6,6
58_26,4,3,6,6
65_64,1,6,4,6
44_70,2,1,6,6
10_62,1,3,6,6
100_74,1,1,6,6
44_67,2,1,6,6
71_52,4,2,6,6
76_29,2,3,6,6
59_77,4,2,6,6
60_50,1,2,6,6
91_59,1,1,6,6
69_43,2,3,6,6
3_42,1,4,6,6
30_2,2,1,6,6
65_35,1,1,6,6
84_57,2,2,6,6
84_88,1,1,6,6
82_41,2,1,6,6
72_65,1,6,3,6
82_36,2,1,6,6
26_4,1,5,6,6
34_7,1,1,6,6
10_50,3,6,6,6
68_56,1,2,6,6
63_13,1,6,2,6
47_11,1,6,1,6
64_56,1,2,6,6
44_0,1,2,6,6
71_0,1,3,6,6
38_0,1,3,6,6
17_68,7,1,2,7
63_50,6,3,7,7
76_48,7,2,7,7
50_66,4,3,7,7
53_16,4,7,7,7
67_29,1,5,7,7
27_65,4,3,7,7
51_54,6,2,7,7
59_49,5,2,7,7
56_42,7,3,6,7
28_3,1,7,3,7
44_55,6,5,7,7
68_48,7,3,5,7
60_48,4,4,7,7
47_61,5,2,7,7
31_61,7,2,5,7
73_48,7,1,5,7
12_55,4,6,7,7
17_66,4,1,7,7
76_57,3,1,7,7
41_57,7,2,6,7
20_2,7,3,3,7
7_48,2,4,7,7
54_60,3,7,5,7
71_62,7,3,7,7
49_48,7,2,7,7
62_44,5,3,7,7
56_44,5,7,5,7
61_54,4,5,7,7
57_49,7,2,4,7
71_48,5,1,7,7
72_53,3,3,7,7
7_49,2,3,7,7
66_32,7,3,5,7
72_51,7,2,3,7
52_66,7,3,2,7
60_42,3,6,7,7
50_25,6,5,7,7
66_33,3,3,7,7
57_44,7,6,6,7
64_54,4,1,7,7
22_78,7,1,7,7
69_52,5,5,7,7
67_60,4,3,7,7
29_68,7,1,7,7
66_58,7,4,4,7
52_48,7,4,7,7
70_38,7,3,7,7
54_57,7,7,5,7
72_52,7,1,6,7
69_19,3,1,7,7
54_55,4,5,7,7
70_26,5,3,7,7
53_54,7,4,7,7
53_55,4,3,7,7
61_36,3,3,7,7
39_50,7,1,6,7
19_65,2,2,7,7
56_23,7,5,7,7
52_59,7,1,1,7
4_43,4,3,7,7
54_22,7,6,5,7
68_42,3,5,7,7
32_5,1,7,4,7
31_65,7,2,5,7
7_46,5,4,7,7
42_2,1,1,7,7
53_53,7,2,6,7
61_52,7,3,2,7
53_24,4,3,7,7
40_10,7,3,4,7
42_51,6,7,7,7
63_66,2,5,7,7
8_47,3,5,7,7
20_79,6,1,7,7
66_51,5,2,7,7
69_31,5,4,7,7
66_34,7,4,4,7
75_51,1,3,7,7
2_39,4,1,7,7
56_39,4,3,7,7
31_63,7,1,4,7
63_53,7,4,4,7
51_45,6,7,7,7
59_18,5,2,7,7
58_17,3,3,7,7
53_70,4,4,7,7
73_60,2,5,7,7
44_63,4,3,7,7
56_70,7,3,4,7
57_25,4,2,7,7
74_52,5,3,7,7
5_42,5,5,7,7
56_47,6,4,7,7
50_59,7,2,7,7
56_57,7,2,4,7
63_39,5,7,6,7
78_39,2,1,7,7
76_50,7,1,6,7
35_55,7,5,5,7
58_56,4,4,7,7
30_66,7,1,6,7
72_55,4,3,7,7
51_62,5,3,7,7
64_25,2,2,7,7
55_52,7,7,4,7
35_54,7,4,5,7
61_41,3,6,7,7
46_53,7,3,5,7
38_57,7,6,4,7
76_59,5,1,7,7
55_15,3,3,7,7
41_60,7,3,3,7
58_42,7,2,4,7
34_54,6,5,7,7
85_45,3,1,7,7
21_2,4,7,5,7
43_68,7,3,6,7
68_43,3,5,7,7
72_26,7,3,6,7
63_48,7,4,3,7
64_30,4,2,7,7
49_60,7,2,5,7
28_70,2,2,7,7
34_61,7,1,7,7
57_51,7,6,6,7
35_57,5,4,7,7
75_40,3,1,7,7
82_61,3,2,7,7
60_57,3,3,7,7
65_60,4,4,7,7
54_53,6,2,7,7
56_18,2,1,7,7
43_14,6,7,7,7
93_45,2,5,7,7
62_34,7,4,3,7
76_32,1,4,7,7
51_23,5,4,7,7
79_26,7,1,2,7
53_52,6,4,7,7
63_59,6,5,7,7
56_52,7,3,7,7
84_72,7,2,1,7
65_53,5,4,7,7
56_64,7,3,2,7
45_64,7,4,2,7
29_1,1,6,7,7
95_67,3,1,7,7
43_59,3,6,7,7
14_56,3,5,7,7
56_26,5,3,7,7
38_76,4,7,2,7
78_41,1,1,7,7
48_60,7,2,5,7
31_66,7,1,1,7
43_60,7,1,6,7
36_56,7,2,5,7
36_60,7,2,4,7
66_38,7,3,4,7
32_56,5,2,7,7
50_48,4,7,6,7
73_52,7,3,6,7
76_53,3,3,7,7
30_65,7,1,7,7
63_41,3,5,7,7
95_66,1,2,7,7
57_20,6,2,7,7
57_23,2,6,7,7
54_45,6,7,7,7
30_71,4,1,7,7
29_74,4,1,7,7
65_39,4,3,7,7
50_16,7,5,7,7
52_53,6,7,4,7
58_57,7,7,2,7
46_14,3,7,5,7
55_23,7,5,7,7
26_84,4,2,7,7
82_63,1,2,7,7
2_32,3,7,6,7
60_40,7,3,5,7
6_46,1,7,5,7
77_45,2,3,7,7
48_62,5,5,7,7
66_43,3,3,7,7
6_53,2,3,7,7
16_70,3,1,7,7
73_57,3,2,7,7
25_3,1,7,5,7
73_35,2,1,7,7
46_75,7,1,4,7
94_75,1,1,7,7
87_70,4,1,7,7
70_51,3,1,7,7
78_48,5,2,7,7
64_37,3,3,7,7
70_47,3,1,7,7
13_56,3,5,7,7
74_32,3,2,7,7
63_23,2,1,7,7
16_63,7,1,5,7
72_67,1,7,4,7
26_82,1,1,7,7
43_63,7,3,5,7
39_11,2,5,7,7
54_59,4,4,7,7
36_62,4,4,7,7
60_38,3,5,7,7
69_53,3,3,7,7
70_42,3,1,7,7
30_63,5,2,7,7
44_61,7,1,5,7
25_79,2,1,7,7
56_56,2,2,7,7
69_64,6,2,7,7
68_31,1,3,7,7
56_58,6,2,7,7
52_69,5,2,7,7
59_52,4,3,7,7
39_70,2,1,7,7
50_18,6,6,7,7
35_64,3,1,7,7
49_53,7,4,6,7
39_57,1,2,7,7
70_49,7,4,5,7
61_63,1,2,7,7
50_21,7,3,7,7
56_65,4,2,7,7
77_52,3,2,7,7
61_22,5,2,7,7
27_5,5,3,7,7
71_64,3,1,7,7
40_69,4,2,7,7
55_50,7,1,4,7
45_60,3,3,7,7
66_53,3,3,7,7
23_85,2,1,7,7
73_38,3,2,7,7
2_37,2,4,7,7
46_64,5,5,7,7
8_51,3,5,7,7
66_65,3,3,7,7
9_49,4,7,7,7
42_64,3,3,7,7
7_45,1,6,7,7
47_12,4,2,7,7
80_35,1,3,7,7
53_57,5,7,7,7
60_54,3,3,7,7
64_24,1,3,7,7
83_91,2,1,7,7
55_18,5,5,7,7
27_73,3,1,7,7
35_65,2,3,7,7
90_56,1,3,7,7
6_45,1,7,7,7
60_15,1,4,7,7
51_60,2,5,7,7
22_2,7,4,3,7
66_35,2,1,7,7
65_41,3,1,7,7
38_69,3,2,7,7
40_12,2,7,5,7
63_65,2,1,7,7
6_47,4,3,7,7
52_60,2,7,6,7
37_60,4,4,7,7
54_52,2,6,7,7
58_49,2,1,7,7
44_11,1,3,7,7
57_54,3,6,7,7
57_29,5,3,7,7
23_82,1,1,7,7
27_1,2,4,7,7
84_53,3,2,7,7
31_73,2,1,7,7
78_74,2,1,7,7
37_8,2,3,7,7
50_13,1,2,7,7
72_23,1,2,7,7
74_37,1,2,7,7
34_6,1,4,7,7
80_70,1,1,7,7
39_8,1,1,7,7
86_74,2,1,7,7
73_33,1,1,7,7
15_61,1,5,7,7
42_66,1,2,7,7
56_19,1,2,7,7
58_53,2,3,7,7
13_61,1,1,7,7
42_11,1,3,7,7
85_31,1,1,7,7
44_13,1,4,7,7
67_0,1,7,2,7
62_0,1,2,7,7
21_78,5,1,8,8
65_70,8,3,2,8
59_27,5,2,8,8
43_13,5,8,7,8
50_55,8,7,8,8
20_76,6,2,8,8
58_52,4,1,8,8
17_61,5,2,8,8
53_40,7,6,8,8
36_55,8,4,6,8
62_30,2,1,8,8
29_65,4,1,8,8
59_26,7,3,8,8
70_36,3,2,8,8
45_14,6,8,5,8
72_60,1,4,8,8
33_8,5,8,8,8
69_57,5,1,8,8
66_39,8,2,7,8
56_63,5,2,8,8
57_69,1,2,8,8
57_14,1,8,2,8
63_47,6,3,8,8
42_54,7,8,8,8
51_38,5,5,8,8
65_56,4,2,8,8
57_19,6,4,8,8
85_66,1,3,8,8
56_21,3,2,8,8
48_17,8,4,7,8
27_67,5,1,8,8
57_24,8,3,7,8
69_44,6,3,8,8
65_44,8,3,2,8
66_49,6,5,8,8
56_14,5,2,8,8
50_51,4,8,6,8
30_4,1,8,6,8
59_28,7,3,8,8
48_19,5,6,8,8
45_55,3,1,8,8
65_29,3,3,8,8
54_28,5,5,8,8
64_45,6,7,8,8
43_55,4,2,8,8
61_39,5,5,8,8
41_14,8,6,8,8
50_58,8,4,5,8
57_58,7,2,8,8
29_56,8,2,8,8
59_38,6,6,8,8
40_61,4,4,8,8
54_51,8,1,7,8
29_60,7,2,8,8
51_46,6,6,8,8
61_18,5,3,8,8
71_36,4,5,8,8
54_58,5,4,8,8
50_43,6,8,7,8
29_67,4,1,8,8
57_45,4,5,8,8
64_49,8,3,8,8
34_9,7,8,6,8
64_75,4,1,8,8
59_58,8,4,5,8
12_53,1,7,8,8
60_56,8,6,7,8
14_60,2,5,8,8
75_55,4,4,8,8
58_32,6,1,8,8
46_58,4,3,8,8
14_54,2,4,8,8
72_47,5,2,8,8
63_45,6,1,8,8
69_49,5,2,8,8
64_60,6,3,8,8
0_27,8,3,5,8
68_37,3,4,8,8
56_31,3,7,8,8
54_67,8,1,3,8
34_57,8,3,5,8
55_31,4,6,8,8
14_57,1,8,5,8
63_30,8,2,7,8
59_29,3,3,8,8
58_58,8,5,4,8
61_48,8,5,8,8
74_42,2,1,8,8
69_38,4,1,8,8
70_33,3,5,8,8
58_39,6,3,8,8
81_35,4,1,8,8
60_31,8,5,8,8
48_54,8,3,8,8
68_53,4,3,8,8
64_47,6,4,8,8
26_70,8,1,6,8
29_72,8,1,4,8
61_33,5,6,8,8
34_60,8,1,7,8
54_23,7,4,8,8
52_56,7,6,8,8
69_54,5,3,8,8
1_28,3,7,8,8
86_53,2,1,8,8
49_67,8,4,2,8
48_59,5,4,8,8
37_11,4,8,6,8
5_39,3,6,8,8
61_58,8,4,3,8
49_57,7,4,8,8
74_26,5,1,8,8
47_54,6,5,8,8
62_37,4,2,8,8
54_64,8,1,6,8
32_6,2,8,2,8
56_51,5,3,8,8
43_53,5,6,8,8
49_55,3,2,8,8
40_60,4,4,8,8
59_33,6,5,8,8
55_19,6,3,8,8
42_15,5,2,8,8
63_24,4,4,8,8
58_48,4,4,8,8
69_34,1,3,8,8
57_62,6,3,8,8
55_57,6,2,8,8
16_64,3,2,8,8
60_61,8,1,6,8
51_52,8,2,7,8
11_59,2,2,8,8
46_15,5,8,4,8
40_9,1,4,8,8
70_43,4,4,8,8
28_68,8,3,8,8
65_54,8,2,2,8
27_61,4,4,8,8
64_21,8,1,4,8
30_72,3,1,8,8
47_52,8,4,8,8
66_31,3,1,8,8
63_52,6,6,8,8
65_28,2,3,8,8
47_16,8,3,8,8
69_26,5,5,8,8
28_73,6,1,8,8
62_66,8,2,3,8
18_74,3,1,8,8
50_45,8,5,6,8
56_48,8,7,6,8
21_80,3,1,8,8
30_54,5,6,8,8
49_17,4,5,8,8
80_49,3,2,8,8
50_53,6,7,8,8
71_57,2,2,8,8
56_28,3,2,8,8
32_57,4,6,8,8
43_62,3,4,8,8
60_34,5,8,6,8
35_7,4,4,8,8
11_54,1,8,4,8
1_30,2,6,8,8
65_48,5,1,8,8
65_38,8,4,7,8
78_38,5,4,8,8
72_59,4,2,8,8
50_67,1,1,8,8
62_43,5,7,8,8
59_44,7,4,8,8
40_57,2,4,8,8
18_61,3,4,8,8
94_56,3,2,8,8
47_58,4,2,8,8
67_43,6,2,8,8
88_60,3,1,8,8
58_38,4,4,8,8
67_53,3,2,8,8
35_74,8,2,3,8
50_56,4,2,8,8
67_35,3,4,8,8
60_27,4,6,8,8
66_25,4,1,8,8
4_42,3,7,8,8
35_52,8,4,8,8
51_49,7,8,8,8
67_41,4,2,8,8
51_53,6,5,8,8
61_43,3,4,8,8
53_26,4,8,6,8
87_76,4,4,8,8
48_50,5,4,8,8
18_70,5,1,8,8
53_13,5,2,8,8
39_69,3,5,8,8
51_64,2,3,8,8
71_33,3,1,8,8
39_62,8,3,5,8
59_50,3,3,8,8
16_62,2,3,8,8
75_42,1,5,8,8
79_51,4,1,8,8
42_57,8,4,6,8
62_47,3,3,8,8
65_45,4,2,8,8
82_52,4,4,8,8
69_63,5,3,8,8
1_32,3,8,6,8
58_22,7,8,7,8
71_51,3,3,8,8
51_17,4,3,8,8
10_51,3,8,6,8
64_42,4,6,8,8
66_37,3,4,8,8
51_58,6,3,8,8
78_60,4,2,8,8
64_51,2,5,8,8
60_41,4,7,8,8
39_7,3,3,8,8
76_70,2,2,8,8
48_13,3,8,4,8
69_35,2,1,8,8
56_24,4,8,8,8
61_27,4,5,8,8
64_62,3,2,8,8
73_54,4,2,8,8
67_55,3,5,8,8
28_5,2,8,5,8
25_80,1,1,8,8
72_50,2,1,8,8
17_65,3,1,8,8
66_22,2,2,8,8
15_66,1,1,8,8
28_2,2,1,8,8
62_19,1,6,8,8
24_4,1,7,8,8
19_70,4,1,8,8
25_2,1,8,3,8
13_54,3,8,6,8
64_17,1,1,8,8
72_68,1,3,8,8
69_30,1,3,8,8
75_46,2,2,8,8
5_43,1,1,8,8
18_1,1,8,5,8
68_23,3,3,8,8
47_51,4,8,5,8
43_11,1,6,8,8
19_80,1,1,8,8
46_0,2,8,4,8
37_0,1,8,6,8
52_0,2,8,2,8
52_23,7,6,9,9
53_46,6,3,9,9
43_51,7,5,9,9
67_42,6,1,9,9
76_55,4,1,9,9
57_40,8,4,9,9
47_47,7,6,9,9
68_41,9,2,6,9
53_18,9,3,6,9
55_54,4,3,9,9
71_53,4,6,9,9
62_36,4,2,9,9
30_61,7,1,9,9
58_30,4,4,9,9
52_20,4,3,9,9
63_37,6,1,9,9
39_13,9,9,8,9
88_32,3,1,9,9
48_23,4,6,9,9
69_47,9,4,3,9
39_60,9,2,5,9
54_20,7,6,9,9
53_27,5,5,9,9
24_77,6,1,9,9
59_23,5,2,9,9
3_38,5,6,9,9
41_56,5,2,9,9
61_37,5,5,9,9
67_36,6,3,9,9
63_55,7,3,9,9
64_40,4,6,9,9
36_10,6,9,9,9
19_73,6,2,9,9
56_29,3,2,9,9
74_43,3,3,9,9
71_47,8,1,9,9
39_61,9,3,9,9
18_63,7,2,9,9
14_51,9,8,8,9
48_39,8,6,9,9
33_57,9,4,5,9
52_47,9,7,9,9
35_62,9,2,4,9
54_61,2,3,9,9
58_69,9,4,4,9
71_50,4,3,9,9
71_74,4,1,9,9
69_50,4,2,9,9
59_35,7,9,9,9
24_81,1,1,9,9
4_38,3,3,9,9
54_27,2,9,7,9
8_44,3,6,9,9
59_45,2,4,9,9
53_56,9,4,4,9
25_74,2,1,9,9
15_54,5,4,9,9
55_47,9,3,3,9
61_45,8,4,9,9
88_61,9,3,7,9
75_62,5,2,9,9
63_29,5,1,9,9
69_36,3,2,9,9
69_51,4,3,9,9
60_46,1,2,9,9
43_45,5,4,9,9
73_30,2,2,9,9
68_27,4,5,9,9
61_46,9,4,5,9
50_54,4,6,9,9
47_49,5,3,9,9
56_41,5,3,9,9
47_28,2,8,9,9
46_49,8,8,9,9
46_56,5,4,9,9
0_31,9,4,4,9
51_34,3,4,9,9
42_14,9,7,5,9
47_57,2,5,9,9
30_57,7,1,9,9
46_45,5,6,9,9
57_22,8,6,9,9
48_40,7,4,9,9
61_50,5,5,9,9
74_39,5,4,9,9
37_7,2,3,9,9
53_30,2,5,9,9
57_43,9,7,9,9
61_40,9,2,7,9
39_10,3,4,9,9
38_52,6,3,9,9
54_21,5,3,9,9
55_28,4,4,9,9
69_37,2,2,9,9
49_72,9,6,1,9
6_48,1,7,9,9
37_53,4,6,9,9
25_67,5,1,9,9
46_51,7,6,9,9
27_69,5,2,9,9
55_33,2,6,9,9
43_15,5,8,9,9
27_62,7,5,9,9
63_31,5,3,9,9
71_46,9,2,6,9
78_47,2,3,9,9
69_42,6,6,9,9
55_56,4,6,9,9
16_60,1,4,9,9
56_34,6,2,9,9
69_33,5,1,9,9
66_29,9,5,4,9
56_53,4,8,9,9
36_8,2,5,9,9
53_49,4,5,9,9
52_62,2,4,9,9
56_27,5,5,9,9
29_58,4,4,9,9
73_34,2,1,9,9
22_73,6,2,9,9
62_49,4,4,9,9
27_68,4,2,9,9
52_27,5,8,9,9
58_23,3,3,9,9
23_4,5,9,8,9
58_37,5,4,9,9
54_40,3,9,8,9
30_70,9,2,1,9
85_55,2,1,9,9
21_73,7,1,9,9
17_57,5,6,9,9
54_56,9,3,7,9
38_55,4,5,9,9
29_5,4,5,9,9
49_44,6,1,9,9
62_29,5,1,9,9
33_58,8,4,9,9
26_74,4,1,9,9
52_65,7,1,9,9
67_31,3,2,9,9
48_56,8,4,9,9
57_27,9,4,6,9
4_36,4,9,8,9
51_51,9,3,5,9
52_43,7,6,9,9
49_52,4,9,6,9
46_16,5,5,9,9
68_44,5,2,9,9
45_58,3,2,9,9
64_44,3,6,9,9
64_52,1,2,9,9
64_33,3,3,9,9
18_71,6,1,9,9
63_35,3,5,9,9
27_74,1,3,9,9
35_59,9,2,8,9
55_21,7,2,9,9
49_54,3,5,9,9
59_41,5,4,9,9
67_52,5,1,9,9
78_33,2,2,9,9
54_34,4,7,9,9
47_59,4,4,9,9
77_55,1,4,9,9
3_34,5,9,3,9
52_29,5,6,9,9
58_45,3,6,9,9
59_46,8,3,9,9
61_24,4,1,9,9
31_6,1,9,9,9
7_47,1,9,3,9
15_59,5,5,9,9
45_49,5,4,9,9
50_15,2,5,9,9
66_48,2,3,9,9
63_28,2,2,9,9
43_61,3,2,9,9
72_37,2,2,9,9
64_76,1,2,9,9
23_83,1,1,9,9
77_42,5,1,9,9
62_27,1,1,9,9
74_27,3,1,9,9
4_39,4,7,9,9
66_52,1,7,9,9
69_48,2,4,9,9
2_30,3,8,9,9
71_54,2,2,9,9
45_56,5,9,5,9
76_40,1,2,9,9
39_9,1,3,9,9
67_33,1,3,9,9
9_48,2,2,9,9
51_16,2,4,9,9
63_46,1,4,9,9
72_33,1,1,9,9
12_51,1,6,9,9
42_0,1,3,9,9
59_30,6,7,10,10
71_40,2,3,10,10
27_60,10,2,9,10
49_28,10,7,9,10
28_63,10,2,9,10
77_56,2,3,10,10
52_49,10,4,6,10
45_45,7,3,10,10
44_25,10,4,7,10
37_10,10,8,4,10
50_22,10,4,8,10
5_40,3,10,7,10
62_42,5,8,10,10
22_3,10,8,8,10
4_41,4,5,10,10
29_49,6,4,10,10
59_48,3,4,10,10
65_37,7,2,10,10
37_14,9,4,10,10
32_58,4,4,10,10
53_21,5,3,10,10
72_36,2,6,10,10
37_56,6,5,10,10
49_18,5,5,10,10
29_8,8,7,10,10
58_46,7,4,10,10
53_19,5,4,10,10
48_55,8,4,10,10
5_41,1,7,10,10
20_3,5,10,7,10
48_15,5,2,10,10
44_53,6,10,6,10
55_20,7,5,10,10
32_52,10,4,10,10
43_12,4,10,4,10
54_54,10,2,6,10
36_54,3,7,10,10
67_48,2,3,10,10
32_54,7,4,10,10
53_36,4,6,10,10
49_23,8,4,10,10
57_35,5,1,10,10
49_38,9,4,10,10
37_49,10,5,10,10
52_52,5,6,10,10
22_79,3,1,10,10
25_5,6,10,5,10
36_52,9,6,10,10
19_66,6,1,10,10
50_52,9,2,10,10
54_19,10,4,5,10
33_9,10,8,7,10
39_12,7,7,10,10
53_47,10,5,7,10
42_19,10,7,10,10
40_67,10,3,4,10
37_48,9,6,10,10
52_22,9,5,10,10
32_60,4,6,10,10
48_29,8,10,10,10
55_42,10,1,9,10
6_42,3,5,10,10
12_52,2,3,10,10
34_56,6,6,10,10
50_24,10,5,10,10
65_26,2,3,10,10
38_56,10,2,7,10
48_52,10,5,7,10
57_42,7,2,10,10
43_39,10,3,10,10
28_60,8,5,10,10
49_43,9,8,10,10
39_66,10,5,4,10
57_34,10,10,8,10
50_70,5,1,10,10
4_37,3,3,10,10
38_11,4,10,7,10
66_47,10,5,10,10
55_30,9,6,10,10
61_30,7,5,10,10
63_42,5,1,10,10
37_55,10,6,8,10
57_47,4,3,10,10
54_44,6,3,10,10
41_13,8,5,10,10
55_25,10,6,5,10
18_68,7,1,10,10
38_63,7,3,10,10
51_39,10,5,8,10
54_47,10,3,6,10
54_41,5,4,10,10
61_35,4,3,10,10
48_48,10,3,10,10
31_7,3,3,10,10
60_37,5,9,10,10
37_59,5,2,10,10
51_42,7,2,10,10
2_27,4,7,10,10
41_55,7,4,10,10
57_53,4,3,10,10
15_58,2,5,10,10
58_35,7,5,10,10
65_42,5,4,10,10
66_36,4,2,10,10
31_54,4,3,10,10
31_59,5,2,10,10
14_53,4,3,10,10
38_12,5,10,9,10
58_24,10,4,9,10
57_46,10,4,5,10
54_38,9,10,7,10
50_20,5,8,10,10
47_46,6,5,10,10
54_63,10,2,10,10
69_45,2,1,10,10
57_30,4,3,10,10
68_50,3,3,10,10
4_34,5,6,10,10
40_53,4,4,10,10
54_33,7,6,10,10
60_30,4,3,10,10
44_54,5,4,10,10
15_55,2,3,10,10
69_46,5,3,10,10
51_21,10,7,8,10
60_29,2,2,10,10
9_47,3,5,10,10
66_45,6,5,10,10
71_32,1,1,10,10
56_45,6,7,10,10
30_6,2,10,3,10
40_11,2,5,10,10
33_59,5,3,10,10
62_41,5,1,10,10
43_52,8,2,10,10
31_8,4,3,10,10
52_42,10,6,9,10
10_49,3,8,10,10
36_9,4,10,5,10
64_43,6,3,10,10
64_29,4,4,10,10
55_45,9,4,10,10
56_33,4,4,10,10
76_37,4,5,10,10
54_26,8,6,10,10
33_54,7,7,10,10
73_53,2,5,10,10
47_60,7,6,10,10
25_75,4,1,10,10
53_45,4,3,10,10
27_6,5,9,10,10
51_57,2,3,10,10
39_59,6,1,10,10
4_33,4,8,10,10
1_26,8,5,10,10
50_14,3,10,7,10
59_40,7,2,10,10
65_23,3,2,10,10
66_46,5,4,10,10
31_58,7,3,10,10
49_61,6,1,10,10
57_33,5,5,10,10
59_39,4,4,10,10
33_53,6,3,10,10
58_65,2,2,10,10
64_67,1,1,10,10
51_50,2,3,10,10
69_39,2,4,10,10
71_49,2,3,10,10
26_81,5,1,10,10
29_6,1,10,6,10
52_19,5,4,10,10
70_56,3,1,10,10
62_32,3,2,10,10
44_52,4,3,10,10
64_35,2,1,10,10
74_41,1,2,10,10
49_21,3,5,10,10
45_13,2,2,10,10
2_36,2,5,10,10
2_34,1,9,10,10
60_22,1,2,10,10
40_0,2,6,10,10
42_13,8,2,11,11
51_22,8,6,11,11
25_70,6,2,11,11
60_49,11,2,7,11
61_31,7,2,11,11
50_27,11,8,11,11
55_44,11,6,2,11
0_24,11,4,9,11
62_45,10,2,11,11
45_24,11,8,8,11
61_17,5,1,11,11
19_61,11,2,10,11
50_30,9,11,9,11
58_27,10,1,11,11
51_48,6,7,11,11
39_55,2,3,11,11
36_11,7,11,8,11
53_39,4,8,11,11
26_57,11,1,11,11
61_34,9,4,11,11
47_27,11,4,7,11
54_24,10,6,11,11
3_35,5,11,5,11
58_29,6,5,11,11
0_23,7,4,11,11
44_15,7,5,11,11
44_49,8,3,11,11
32_7,5,6,11,11
57_38,4,6,11,11
47_30,8,11,11,11
42_20,8,7,11,11
49_29,11,8,11,11
23_3,6,11,3,11
46_17,6,10,11,11
58_50,11,6,9,11
25_72,5,3,11,11
18_65,6,1,11,11
56_40,8,5,11,11
50_46,9,3,11,11
6_40,5,11,10,11
60_35,6,6,11,11
28_62,5,2,11,11
60_45,9,2,11,11
22_4,3,11,7,11
50_32,11,3,10,11
15_52,10,3,11,11
37_46,7,7,11,11
55_40,4,6,11,11
0_22,9,9,11,11
15_56,1,1,11,11
46_20,5,7,11,11
57_28,7,4,11,11
47_53,7,7,11,11
50_34,7,6,11,11
56_35,7,4,11,11
20_70,5,2,11,11
46_18,11,9,8,11
41_16,11,9,10,11
24_80,5,1,11,11
50_17,3,3,11,11
49_47,6,4,11,11
34_51,10,3,11,11
48_20,9,6,11,11
68_51,6,2,11,11
2_28,5,11,9,11
43_46,10,4,11,11
43_44,11,7,11,11
30_58,11,1,6,11
51_55,4,3,11,11
47_21,10,6,11,11
60_33,3,2,11,11
52_55,3,5,11,11
59_42,3,4,11,11
42_52,11,3,6,11
49_19,11,3,5,11
42_58,11,2,8,11
5_46,1,2,11,11
42_16,9,7,11,11
67_46,2,1,11,11
53_43,6,3,11,11
17_60,6,3,11,11
31_50,9,6,11,11
43_16,6,11,11,11
48_31,11,7,11,11
49_51,7,3,11,11
26_61,5,4,11,11
16_65,2,2,11,11
40_64,3,2,11,11
24_79,6,1,11,11
58_44,4,2,11,11
40_58,8,2,11,11
42_55,5,7,11,11
48_51,5,1,11,11
45_59,4,2,11,11
61_26,3,2,11,11
54_30,11,3,9,11
26_56,5,3,11,11
52_18,2,4,11,11
5_38,5,8,11,11
30_7,4,9,11,11
56_22,6,2,11,11
11_51,3,3,11,11
55_48,3,6,11,11
34_53,6,5,11,11
66_26,3,4,11,11
55_22,3,4,11,11
59_34,1,1,11,11
60_51,10,11,10,11
9_50,1,4,11,11
67_44,2,1,11,11
3_32,3,11,9,11
56_30,1,4,11,11
34_52,9,2,12,12
28_6,9,10,12,12
35_10,9,8,12,12
30_53,10,7,12,12
52_33,4,5,12,12
39_54,2,3,12,12
46_54,9,5,12,12
53_37,8,5,12,12
64_39,5,4,12,12
51_30,9,6,12,12
36_51,10,5,12,12
43_57,5,5,12,12
21_63,12,2,12,12
48_22,4,6,12,12
26_62,11,2,12,12
50_26,6,5,12,12
50_33,12,5,7,12
48_26,12,10,11,12
37_12,9,12,10,12
32_11,7,10,12,12
34_8,5,4,12,12
38_49,12,6,12,12
53_29,8,9,12,12
56_38,8,3,12,12
35_53,12,2,9,12
56_43,6,1,12,12
51_27,7,2,12,12
2_29,7,12,9,12
49_40,7,8,12,12
47_56,7,6,12,12
50_50,8,3,12,12
45_16,9,3,12,12
44_58,12,1,7,12
48_57,12,5,7,12
53_23,4,7,12,12
44_17,11,7,12,12
23_68,5,2,12,12
19_2,7,12,2,12
52_21,7,3,12,12
28_67,12,2,10,12
27_64,5,1,12,12
59_43,9,4,12,12
44_16,7,7,12,12
0_25,8,3,12,12
63_33,6,1,12,12
49_37,8,12,9,12
45_19,8,8,12,12
50_23,12,4,10,12
64_38,6,1,12,12
27_72,7,2,12,12
1_27,3,11,12,12
7_43,3,6,12,12
41_50,12,2,9,12
45_51,9,8,12,12
59_31,7,2,12,12
19_74,7,1,12,12
60_36,5,2,12,12
55_46,9,1,12,12
64_57,3,3,12,12
48_45,5,4,12,12
52_41,6,7,12,12
5_37,6,12,11,12
57_48,4,1,12,12
59_51,7,4,12,12
46_52,9,2,12,12
62_40,7,4,12,12
39_14,7,11,12,12
49_42,5,3,12,12
36_13,12,10,9,12
53_31,3,9,12,12
51_40,4,7,12,12
38_53,6,2,12,12
33_60,6,2,12,12
39_43,12,9,11,12
44_51,6,4,12,12
28_66,12,5,10,12
52_40,10,7,12,12
5_45,6,1,12,12
18_57,7,4,12,12
19_1,3,12,3,12
39_52,11,3,12,12
53_28,7,6,12,12
45_34,12,6,11,12
35_51,6,8,12,12
60_32,5,1,12,12
29_51,11,6,12,12
39_56,9,6,12,12
31_56,5,5,12,12
52_24,4,5,12,12
52_26,9,7,12,12
49_56,6,1,12,12
47_20,6,4,12,12
71_30,3,1,12,12
53_38,7,2,12,12
33_55,9,2,12,12
15_51,6,2,12,12
48_58,6,5,12,12
13_55,2,4,12,12
54_48,6,6,12,12
70_44,2,2,12,12
13_52,8,5,12,12
47_37,6,5,12,12
56_37,6,6,12,12
45_48,5,10,12,12
51_25,10,4,12,12
57_39,9,6,12,12
32_51,4,3,12,12
24_65,6,2,12,12
9_46,3,12,12,12
52_35,1,10,12,12
2_31,5,12,3,12
59_67,3,1,12,12
28_59,2,3,12,12
60_47,4,6,12,12
67_34,2,1,12,12
28_55,4,4,12,12
46_38,10,3,12,12
45_53,10,5,12,12
23_6,8,10,12,12
51_19,4,6,12,12
40_15,2,12,9,12
51_31,5,3,12,12
39_47,9,12,9,12
48_16,3,5,12,12
55_39,4,6,12,12
46_57,6,2,12,12
58_61,3,6,12,12
55_35,2,4,12,12
57_37,2,4,12,12
44_47,3,2,12,12
65_32,3,2,12,12
35_0,1,8,12,12
21_72,13,1,13,13
54_29,6,2,13,13
51_36,3,3,13,13
62_35,6,5,13,13
44_45,12,7,13,13
23_78,7,1,13,13
47_22,13,4,12,13
21_3,9,10,13,13
52_30,13,8,9,13
31_9,4,13,13,13
36_49,13,5,9,13
53_25,12,11,13,13
28_53,9,3,13,13
38_13,8,7,13,13
22_74,9,1,13,13
41_52,9,3,13,13
52_28,7,6,13,13
54_50,10,4,13,13
49_30,9,5,13,13
38_58,13,6,4,13
45_18,11,11,13,13
53_44,5,5,13,13
52_44,7,8,13,13
42_50,11,5,13,13
45_23,10,9,13,13
50_47,8,4,13,13
16_53,5,3,13,13
56_32,5,1,13,13
51_47,7,5,13,13
46_37,13,3,11,13
49_32,11,4,13,13
57_36,6,5,13,13
54_37,7,6,13,13
41_15,9,6,13,13
30_52,9,2,13,13
49_22,9,4,13,13
25_56,10,1,13,13
48_18,12,5,13,13
28_54,8,6,13,13
47_26,13,9,6,13
56_36,7,3,13,13
43_34,13,4,13,13
26_71,8,1,13,13
62_51,3,13,8,13
43_23,6,10,13,13
11_48,4,8,13,13
43_37,13,8,12,13
54_42,12,5,13,13
44_36,7,7,13,13
27_56,13,5,12,13
1_22,12,12,13,13
43_42,13,6,8,13
17_56,5,3,13,13
32_55,5,4,13,13
50_42,11,6,13,13
26_6,7,13,9,13
51_20,6,7,13,13
50_44,6,4,13,13
40_52,12,8,13,13
43_56,6,6,13,13
3_40,2,5,13,13
65_33,6,1,13,13
40_49,8,5,13,13
53_48,5,4,13,13
43_54,8,5,13,13
45_38,13,9,12,13
63_27,3,2,13,13
38_15,5,4,13,13
51_33,11,2,13,13
49_49,13,7,5,13
46_46,11,9,13,13
45_54,13,2,7,13
49_24,8,7,13,13
24_60,9,2,13,13
45_20,13,5,13,13
50_36,2,8,13,13
23_5,4,13,13,13
38_10,5,3,13,13
27_52,6,7,13,13
27_57,4,1,13,13
44_60,3,1,13,13
49_50,8,4,13,13
26_69,5,2,13,13
54_49,6,3,13,13
54_43,6,6,13,13
37_13,5,13,8,13
48_49,5,2,13,13
7_44,2,6,13,13
36_57,3,2,13,13
30_55,5,2,13,13
58_43,6,5,13,13
48_24,5,3,13,13
44_46,7,8,13,13
18_62,9,1,13,13
45_46,12,5,13,13
35_56,5,5,13,13
45_25,7,7,13,13
13_53,6,2,13,13
16_58,3,1,13,13
52_46,2,2,13,13
54_25,5,5,13,13
33_11,6,13,10,13
41_54,4,6,13,13
48_46,8,8,13,13
16_59,4,2,13,13
32_53,7,7,13,13
32_8,4,10,13,13
40_13,4,7,13,13
48_32,6,12,13,13
49_27,4,6,13,13
49_25,6,4,13,13
62_52,3,4,13,13
58_41,4,4,13,13
20_66,3,2,13,13
34_0,3,3,13,13
27_54,8,2,14,14
75_50,6,3,14,14
41_42,14,6,10,14
42_53,10,3,14,14
47_19,8,5,14,14
55_36,12,3,14,14
75_37,5,2,14,14
19_57,11,2,14,14
36_44,14,11,14,14
45_17,11,11,14,14
54_36,9,9,14,14
58_34,6,1,14,14
33_52,7,3,14,14
38_50,10,7,14,14
55_41,12,8,14,14
28_7,7,8,14,14
46_50,14,2,10,14
0_20,13,11,14,14
0_21,11,14,11,14
45_42,9,6,14,14
42_48,10,3,14,14
32_50,11,4,14,14
50_35,14,4,14,14
44_29,12,6,14,14
31_52,9,3,14,14
44_50,13,6,14,14
51_44,5,4,14,14
40_55,9,1,14,14
35_9,4,6,14,14
10_48,3,5,14,14
46_36,9,8,14,14
43_26,14,13,11,14
60_44,9,4,14,14
43_19,14,6,14,14
47_40,9,6,14,14
46_48,6,3,14,14
34_10,6,9,14,14
3_31,5,14,7,14
33_10,14,3,14,14
38_51,4,14,14,14
46_28,7,9,14,14
45_35,10,12,14,14
16_52,9,5,14,14
42_38,9,8,14,14
38_48,14,8,12,14
35_50,10,6,14,14
50_41,7,9,14,14
52_37,7,3,14,14
45_52,3,1,14,14
44_19,8,9,14,14
36_12,2,12,14,14
51_28,6,7,14,14
63_32,6,2,14,14
48_43,4,7,14,14
45_41,11,7,14,14
45_22,14,9,10,14
32_10,4,12,14,14
52_45,4,4,14,14
52_25,5,4,14,14
25_68,4,2,14,14
37_15,14,11,13,14
48_27,8,6,14,14
9_44,4,4,14,14
53_35,7,7,14,14
58_31,14,6,13,14
27_58,7,8,14,14
51_32,8,6,14,14
35_49,6,3,14,14
48_44,8,3,14,14
37_50,9,10,14,14
29_54,4,6,14,14
49_31,8,7,14,14
16_57,6,7,14,14
46_19,8,4,14,14
47_43,11,8,14,14
40_51,7,5,14,14
51_35,7,8,14,14
64_36,7,1,14,14
43_40,11,8,14,14
30_8,6,14,12,14
29_55,14,2,14,14
42_46,2,5,14,14
54_46,12,4,14,14
11_50,6,10,14,14
49_20,3,9,14,14
48_53,8,3,14,14
26_60,4,3,14,14
46_44,9,7,14,14
40_54,8,7,14,14
53_42,5,8,14,14
16_54,6,4,14,14
36_50,5,6,14,14
45_29,4,11,14,14
38_45,7,2,14,14
47_50,7,7,14,14
51_41,7,5,14,14
58_40,3,5,14,14
26_63,14,1,14,14
38_54,5,2,14,14
37_52,8,4,14,14
24_5,6,14,11,14
55_27,6,4,14,14
8_45,2,10,14,14
48_38,5,4,14,14
9_45,4,6,14,14
29_61,2,4,14,14
55_32,3,3,14,14
50_49,3,4,14,14
74_47,1,3,14,14
31_53,7,4,15,15
18_2,15,13,10,15
5_33,6,12,15,15
26_5,4,15,7,15
33_42,13,4,15,15
40_22,14,14,15,15
31_48,7,5,15,15
55_24,6,4,15,15
13_51,6,5,15,15
17_52,10,6,15,15
1_25,11,7,15,15
55_29,4,7,15,15
41_43,13,6,15,15
22_5,9,15,6,15
40_20,7,9,15,15
52_39,12,4,15,15
1_23,15,12,13,15
12_50,5,5,15,15
22_65,6,1,15,15
46_33,12,5,15,15
19_63,7,2,15,15
47_18,13,6,15,15
43_32,10,7,15,15
6_41,5,8,15,15
16_56,4,3,15,15
34_43,9,5,15,15
35_13,13,10,15,15
32_43,15,8,15,15
42_17,9,10,15,15
32_48,12,7,15,15
30_51,11,8,15,15
46_43,11,5,15,15
20_4,8,15,8,15
41_53,3,5,15,15
27_50,8,5,15,15
50_57,11,4,15,15
17_62,3,1,15,15
21_67,12,1,15,15
53_41,7,5,15,15
13_50,6,3,15,15
40_17,9,13,15,15
41_46,10,6,15,15
24_6,11,15,12,15
28_56,8,4,15,15
25_65,13,4,15,15
55_38,7,1,15,15
24_75,3,1,15,15
64_46,5,4,15,15
54_31,7,7,15,15
47_35,8,10,15,15
43_21,8,6,15,15
2_26,8,15,14,15
12_48,7,5,15,15
22_70,4,1,15,15
25_71,9,1,15,15
11_49,10,9,15,15
53_22,15,10,8,15
32_9,4,15,14,15
5_35,3,10,15,15
35_47,8,5,15,15
31_46,15,5,12,15
39_49,8,10,15,15
44_21,7,6,15,15
41_62,5,2,15,15
27_59,12,2,15,15
6_35,5,15,14,15
47_25,7,10,15,15
25_58,7,2,15,15
49_46,11,4,15,15
24_72,2,1,15,15
48_47,4,6,15,15
6_39,1,6,15,15
40_14,6,7,15,15
10_46,2,3,15,15
42_49,6,6,15,15
54_39,6,7,15,15
44_44,9,5,15,15
15_53,4,4,15,15
8_46,1,1,15,15
32_0,2,8,15,15
31_0,1,4,15,15
37_51,13,2,16,16
43_31,16,8,16,16
39_34,13,9,16,16
40_18,9,16,13,16
4_31,5,16,15,16
36_48,7,4,16,16
48_41,5,5,16,16
47_45,7,5,16,16
47_34,5,6,16,16
46_40,12,3,16,16
26_66,10,2,16,16
44_22,7,8,16,16
20_5,16,15,13,16
48_25,10,6,16,16
50_37,9,6,16,16
59_36,10,2,16,16
41_17,11,10,16,16
22_68,11,2,16,16
47_24,13,6,16,16
55_43,7,6,16,16
36_15,12,13,16,16
25_66,12,1,16,16
46_22,4,4,16,16
51_24,4,9,16,16
41_45,16,4,13,16
10_45,8,7,16,16
43_36,16,5,16,16
62_28,5,3,16,16
35_46,10,5,16,16
52_32,10,5,16,16
41_39,12,8,16,16
36_47,11,9,16,16
51_43,7,2,16,16
50_40,6,3,16,16
44_18,16,9,12,16
44_38,8,11,16,16
40_56,6,4,16,16
27_7,15,12,16,16
17_1,5,16,3,16
19_3,9,16,8,16
41_47,13,5,16,16
55_34,5,4,16,16
21_71,8,2,16,16
40_43,16,5,16,16
30_45,16,11,15,16
26_7,9,16,5,16
33_49,13,6,16,16
14_52,6,2,16,16
17_55,7,3,16,16
56_46,4,3,16,16
43_27,16,10,13,16
53_34,12,6,16,16
4_29,11,14,16,16
43_47,10,3,16,16
47_41,10,7,16,16
42_37,13,10,16,16
51_37,8,6,16,16
51_29,8,6,16,16
58_36,3,6,16,16
12_49,8,4,16,16
44_27,11,6,16,16
27_63,10,1,16,16
47_39,9,13,16,16
7_42,5,8,16,16
60_25,6,2,16,16
45_43,10,6,16,16
16_55,4,2,16,16
46_24,8,8,16,16
46_30,10,10,16,16
50_39,12,8,16,16
40_50,9,7,16,16
49_45,6,3,16,16
20_71,6,3,16,16
25_6,6,13,16,16
14_49,4,6,16,16
26_68,8,1,16,16
50_38,9,6,16,16
40_47,7,6,16,16
20_62,2,2,16,16
49_34,5,5,16,16
41_44,8,8,16,16
34_50,5,4,16,16
48_37,4,7,16,16
35_11,6,13,16,16
21_4,3,16,9,16
6_43,3,9,16,16
27_55,2,4,16,16
66_44,1,3,16,16
22_69,2,3,16,16
65_43,1,1,16,16
61_32,1,3,16,16
19_67,1,1,16,16
30_0,3,11,16,16
27_53,11,5,17,17
45_28,9,9,17,17
30_13,15,17,15,17
45_31,15,5,17,17
33_50,17,6,17,17
42_21,16,10,17,17
35_45,15,11,17,17
46_41,17,8,14,17
40_44,7,7,17,17
40_40,9,5,17,17
47_48,6,6,17,17
29_44,13,9,17,17
4_32,5,13,17,17
46_34,8,7,17,17
47_42,10,8,17,17
19_62,6,1,17,17
26_8,16,17,14,17
5_36,4,17,15,17
46_47,3,5,17,17
54_32,5,7,17,17
39_45,14,8,17,17
36_42,15,7,17,17
15_1,12,17,6,17
41_33,17,14,17,17
43_43,17,6,13,17
44_48,12,7,17,17
44_30,9,4,17,17
34_48,9,8,17,17
39_31,15,8,17,17
25_73,7,1,17,17
48_21,9,8,17,17
45_40,17,10,11,17
39_46,13,8,17,17
41_20,16,9,17,17
39_48,8,5,17,17
33_48,13,7,17,17
53_32,13,5,17,17
39_15,5,8,17,17
3_30,4,17,13,17
43_38,13,5,17,17
34_49,6,6,17,17
46_21,9,5,17,17
51_26,4,10,17,17
37_16,16,12,17,17
48_35,8,6,17,17
43_17,3,9,17,17
44_41,8,4,17,17
26_54,8,6,17,17
41_26,14,17,13,17
41_22,10,5,17,17
44_42,8,5,17,17
48_36,9,10,17,17
46_31,17,10,16,17
38_21,9,11,17,17
22_72,4,2,17,17
38_14,5,6,17,17
38_47,7,9,17,17
35_42,15,6,17,17
42_26,11,8,17,17
23_62,8,1,17,17
31_57,7,1,17,17
42_25,11,9,17,17
33_47,11,6,17,17
44_20,11,11,17,17
46_32,4,7,17,17
33_44,11,7,17,17
32_47,5,4,17,17
50_31,5,6,17,17
12_47,8,4,17,17
26_64,4,1,17,17
7_40,3,4,17,17
8_43,2,12,17,17
19_56,11,1,18,18
57_32,6,5,18,18
42_45,13,7,18,18
46_26,15,4,18,18
31_49,11,3,18,18
25_63,6,2,18,18
32_44,10,6,18,18
44_24,18,14,12,18
23_70,4,1,18,18
49_35,9,8,18,18
29_53,16,5,18,18
31_47,9,6,18,18
25_60,9,2,18,18
40_38,13,6,18,18
39_16,13,11,18,18
24_53,5,4,18,18
27_51,10,5,18,18
4_35,5,9,18,18
16_1,7,18,12,18
42_35,7,10,18,18
1_24,9,13,18,18
32_45,8,8,18,18
57_31,13,4,18,18
37_47,12,2,18,18
35_14,17,12,18,18
16_50,18,3,17,18
42_36,18,10,16,18
34_12,8,8,18,18
25_54,6,6,18,18
30_46,13,5,18,18
40_34,18,7,18,18
17_3,16,18,4,18
44_23,12,9,18,18
7_36,4,9,18,18
18_3,11,18,8,18
50_28,10,7,18,18
39_41,9,12,18,18
28_9,13,16,18,18
27_49,11,4,18,18
32_49,6,5,18,18
22_62,13,4,18,18
40_39,8,12,18,18
43_49,6,1,18,18
37_41,11,8,18,18
45_44,8,4,18,18
29_48,12,10,18,18
41_19,6,15,18,18
43_50,11,5,18,18
33_12,14,18,10,18
26_59,9,4,18,18
43_41,14,5,18,18
44_39,12,6,18,18
25_64,9,2,18,18
25_7,11,18,12,18
48_42,6,8,18,18
47_36,8,3,18,18
38_44,11,4,18,18
25_61,11,2,18,18
52_31,7,4,18,18
62_38,5,1,18,18
35_17,10,14,18,18
53_33,4,6,18,18
43_18,7,9,18,18
49_26,5,9,18,18
33_0,1,3,18,18
41_28,19,18,16,19
40_48,11,9,19,19
45_27,7,9,19,19
38_17,10,12,19,19
16_49,9,1,19,19
36_43,10,3,19,19
40_46,6,11,19,19
33_13,15,13,19,19
34_11,3,10,19,19
44_40,8,6,19,19
37_45,15,7,19,19
20_64,13,3,19,19
41_51,9,3,19,19
20_63,6,1,19,19
23_52,15,4,19,19
29_47,13,8,19,19
30_47,7,8,19,19
40_41,14,6,19,19
4_30,5,10,19,19
21_6,13,19,18,19
3_28,8,10,19,19
26_50,16,1,19,19
23_69,9,1,19,19
18_59,9,5,19,19
38_24,12,9,19,19
40_32,19,10,18,19
45_39,7,5,19,19
41_38,14,4,19,19
24_61,7,2,19,19
27_44,19,10,17,19
26_9,18,14,19,19
36_16,14,13,19,19
22_55,16,3,19,19
28_47,8,4,19,19
42_39,13,7,19,19
46_39,12,5,19,19
21_64,5,1,19,19
29_52,7,1,19,19
17_59,8,4,19,19
45_47,4,2,19,19
44_31,11,11,19,19
6_38,5,15,19,19
45_36,7,14,19,19
38_46,10,9,19,19
31_43,13,13,19,19
49_41,7,6,19,19
25_62,2,2,19,19
32_39,19,7,19,19
40_16,8,11,19,19
31_51,7,4,19,19
4_27,10,16,19,19
55_37,8,3,19,19
30_49,7,7,19,19
12_46,2,5,19,19
25_0,1,12,19,19
19_0,2,11,19,19
5_31,5,18,20,20
8_40,6,15,20,20
42_31,14,10,20,20
38_28,14,18,20,20
19_54,7,2,20,20
14_47,13,4,20,20
26_48,17,5,20,20
17_50,7,3,20,20
25_8,18,14,20,20
33_14,16,20,18,20
27_48,11,7,20,20
47_33,16,8,20,20
9_41,7,10,20,20
42_23,10,7,20,20
45_30,13,11,20,20
44_28,8,6,20,20
45_32,8,9,20,20
31_13,19,20,19,20
38_33,18,13,20,20
28_49,9,7,20,20
42_40,15,8,20,20
38_18,7,17,20,20
28_8,9,20,12,20
8_42,6,4,20,20
38_16,8,7,20,20
40_19,11,12,20,20
40_24,11,11,20,20
49_33,9,8,20,20
37_42,8,11,20,20
28_10,17,17,20,20
52_38,4,2,20,20
10_44,8,9,20,20
21_68,10,1,20,20
35_41,13,12,20,20
45_50,11,3,20,20
41_23,15,15,20,20
42_43,9,7,20,20
24_68,8,1,20,20
49_39,12,5,20,20
41_48,10,7,20,20
41_32,12,14,20,20
47_23,3,7,20,20
32_15,15,16,20,20
50_29,2,10,20,20
35_48,7,8,20,20
42_30,12,6,20,20
47_38,8,6,20,20
42_29,10,8,20,20
6_36,9,12,20,20
54_35,9,9,20,20
6_31,4,18,20,20
37_39,8,7,20,20
6_37,5,20,15,20
6_34,2,15,20,20
29_0,4,8,20,20
0_19,15,18,21,21
28_46,18,7,21,21
32_41,12,10,21,21
41_35,13,9,21,21
14_48,9,7,21,21
34_47,9,3,21,21
43_29,13,9,21,21
40_25,19,11,21,21
37_44,21,8,19,21
40_36,11,12,21,21
31_45,14,3,21,21
43_24,12,7,21,21
41_34,14,14,21,21
20_68,4,1,21,21
26_58,12,1,21,21
28_11,17,18,21,21
34_44,10,14,21,21
34_14,15,13,21,21
7_39,4,9,21,21
31_41,10,12,21,21
39_27,16,16,21,21
43_35,12,8,21,21
28_42,16,6,21,21
44_34,13,9,21,21
46_42,9,6,21,21
3_27,11,21,21,21
40_26,13,9,21,21
24_8,16,21,21,21
46_25,3,10,21,21
0_18,21,19,16,21
48_28,10,8,21,21
39_42,7,9,21,21
39_20,13,14,21,21
27_8,9,18,21,21
41_36,21,14,15,21
27_10,16,21,13,21
21_5,15,21,15,21
28_50,12,3,21,21
38_20,15,11,21,21
36_18,21,13,21,21
36_41,12,11,21,21
47_44,4,8,21,21
35_15,10,13,21,21
26_53,10,6,21,21
10_42,9,8,21,21
17_53,12,2,21,21
45_37,16,11,21,21
42_42,9,11,21,21
35_12,8,9,21,21
48_34,9,12,21,21
44_43,11,5,21,21
28_48,12,7,21,21
35_40,16,11,21,21
26_42,17,13,21,21
16_2,20,21,4,21
32_46,8,2,21,21
46_23,6,2,21,21
38_23,13,16,21,21
48_33,7,6,21,21
29_41,18,13,21,21
40_31,21,8,16,21
14_50,7,4,21,21
31_44,9,8,21,21
30_40,13,10,21,21
24_62,8,2,21,21
8_38,10,16,21,21
43_48,7,3,21,21
7_41,1,11,21,21
41_49,6,5,21,21
10_47,1,4,21,21
24_0,2,9,21,21
27_41,22,9,22,22
39_40,14,8,22,22
25_48,16,3,22,22
20_53,11,1,22,22
32_42,19,11,22,22
43_33,15,12,22,22
42_24,22,10,20,22
35_21,19,17,22,22
36_14,14,15,22,22
35_39,22,9,21,22
34_41,15,7,22,22
19_5,18,22,10,22
39_37,13,9,22,22
18_60,10,3,22,22
45_33,19,11,22,22
30_10,8,13,22,22
32_12,15,22,17,22
28_43,14,8,22,22
30_50,9,4,22,22
27_42,19,5,22,22
29_50,11,4,22,22
44_26,12,11,22,22
27_46,14,9,22,22
42_41,11,4,22,22
38_38,15,14,22,22
31_21,12,22,20,22
41_18,11,7,22,22
39_24,14,13,22,22
24_7,13,17,22,22
21_70,12,1,22,22
38_43,8,6,22,22
21_62,7,2,22,22
15_50,11,1,22,22
39_36,17,8,22,22
35_33,19,11,22,22
13_49,4,8,22,22
45_26,11,7,22,22
44_37,11,8,22,22
16_51,11,5,22,22
46_27,13,3,22,22
29_46,5,10,22,22
30_9,10,11,22,22
40_28,17,3,22,22
41_30,17,12,22,22
26_47,14,3,22,22
30_48,6,8,22,22
20_65,4,2,22,22
46_35,11,8,22,22
26_46,12,6,22,22
36_35,20,10,22,22
25_57,8,3,22,22
34_16,13,22,21,22
18_56,9,4,22,22
47_31,10,7,22,22
33_43,16,5,22,22
30_42,13,5,22,22
29_9,7,15,22,22
25_59,8,4,22,22
26_10,14,22,20,22
26_52,7,3,22,22
44_32,10,6,22,22
5_34,6,16,22,22
25_51,11,3,22,22
34_39,4,13,22,22
30_36,21,10,23,23
3_29,6,15,23,23
34_46,23,6,20,23
15_49,13,5,23,23
34_42,17,3,23,23
31_42,15,6,23,23
38_42,13,5,23,23
39_30,12,17,23,23
36_31,23,13,20,23
36_23,20,12,23,23
33_36,14,10,23,23
34_15,20,19,23,23
36_45,13,5,23,23
34_24,19,22,23,23
42_33,14,10,23,23
26_55,8,2,23,23
33_37,16,11,23,23
29_11,19,13,23,23
41_25,15,12,23,23
27_45,15,5,23,23
35_36,23,13,21,23
28_51,9,4,23,23
23_61,10,4,23,23
39_44,15,10,23,23
28_52,6,3,23,23
44_33,6,7,23,23
39_38,14,13,23,23
29_42,15,16,23,23
24_69,6,2,23,23
37_17,9,7,23,23
7_34,3,20,23,23
17_54,6,1,23,23
8_39,4,10,23,23
29_45,9,8,23,23
30_11,16,16,23,23
22_67,8,1,23,23
34_45,9,5,23,23
42_22,4,6,23,23
46_29,5,6,23,23
42_18,6,9,23,23
48_30,3,6,23,23
22_64,4,2,23,23
28_0,1,6,23,23
30_12,20,18,24,24
30_38,24,11,24,24
35_44,15,13,24,24
18_52,4,4,24,24
39_32,24,10,19,24
23_47,19,8,24,24
1_21,20,24,15,24
39_33,15,13,24,24
40_30,9,9,24,24
38_25,17,16,24,24
18_55,8,2,24,24
35_16,20,13,24,24
45_21,6,5,24,24
43_28,12,16,24,24
6_33,13,16,24,24
33_46,11,7,24,24
20_54,12,6,24,24
5_29,5,24,18,24
31_11,24,11,24,24
37_28,20,7,24,24
37_19,13,9,24,24
41_24,15,12,24,24
38_39,15,11,24,24
2_22,13,24,24,24
38_35,15,19,24,24
37_23,17,19,24,24
23_76,4,3,24,24
29_43,15,7,24,24
25_52,8,7,24,24
17_49,16,6,24,24
35_23,6,18,24,24
38_26,16,12,24,24
14_45,13,9,24,24
30_43,14,8,24,24
37_43,11,12,24,24
38_36,12,6,24,24
15_46,11,6,24,24
2_23,17,24,15,24
28_13,20,22,24,24
21_61,12,1,24,24
9_43,3,5,24,24
49_36,6,4,24,24
27_0,1,9,24,24
43_22,13,5,25,25
36_33,13,13,25,25
37_38,17,8,25,25
27_47,23,3,25,25
20_6,25,20,22,25
41_40,11,16,25,25
27_9,24,18,25,25
30_39,12,9,25,25
22_6,9,25,17,25
36_34,23,9,25,25
18_58,6,2,25,25
22_61,13,3,25,25
25_46,18,5,25,25
7_33,12,15,25,25
18_54,11,3,25,25
36_17,11,15,25,25
25_50,18,2,25,25
28_45,12,5,25,25
31_16,25,20,24,25
17_2,25,14,7,25
29_10,18,19,25,25
26_37,20,14,25,25
15_44,11,5,25,25
42_44,10,6,25,25
22_42,24,6,25,25
25_55,9,2,25,25
39_39,22,14,25,25
16_3,20,25,13,25
34_30,20,14,25,25
18_48,25,3,24,25
22_60,10,1,25,25
19_53,7,2,25,25
47_29,8,8,25,25
21_45,20,9,25,25
7_35,10,8,25,25
39_17,7,9,25,25
39_18,16,16,25,25
42_47,12,5,25,25
26_41,22,7,25,25
35_19,18,20,25,25
24_43,17,11,25,25
25_47,10,8,25,25
5_32,4,6,25,25
23_56,9,2,25,25
43_25,10,6,25,25
19_60,5,1,25,25
24_63,6,4,25,25
26_0,4,12,25,25
16_0,2,11,25,25
9_40,11,12,26,26
42_32,19,8,26,26
23_59,11,1,26,26
36_46,13,7,26,26
36_20,15,11,26,26
19_6,20,26,20,26
38_40,17,8,26,26
30_44,9,5,26,26
20_55,12,4,26,26
37_36,20,15,26,26
16_47,13,9,26,26
23_44,23,13,26,26
33_33,22,11,26,26
3_26,8,18,26,26
31_39,19,18,26,26
20_52,14,8,26,26
25_42,11,12,26,26
28_40,18,6,26,26
18_51,17,6,26,26
38_30,16,10,26,26
34_40,16,7,26,26
25_11,24,18,26,26
26_51,5,2,26,26
23_55,11,3,26,26
27_40,17,8,26,26
35_20,18,16,26,26
37_26,19,20,26,26
40_21,7,13,26,26
33_41,15,11,26,26
31_10,6,12,26,26
42_27,14,13,26,26
43_30,14,7,26,26
26_38,22,15,26,26
41_29,15,7,26,26
4_28,4,24,26,26
47_32,8,15,26,26
41_21,7,9,26,26
9_42,8,13,26,26
40_42,9,9,26,26
23_60,5,3,26,26
23_58,11,1,26,26
23_0,4,13,26,26
37_18,14,15,27,27
19_44,21,7,27,27
39_19,15,10,27,27
40_37,16,9,27,27
31_12,15,9,27,27
21_55,16,6,27,27
16_4,18,27,9,27
34_25,22,12,27,27
25_49,10,7,27,27
40_45,9,9,27,27
15_48,12,6,27,27
38_37,18,11,27,27
36_26,21,15,27,27
24_58,12,3,27,27
13_47,7,9,27,27
31_38,21,10,27,27
38_31,20,9,27,27
13_48,6,7,27,27
42_28,14,6,27,27
41_37,18,7,27,27
3_24,9,27,25,27
23_57,13,1,27,27
43_20,10,9,27,27
32_34,18,15,27,27
16_44,22,6,27,27
36_21,15,13,27,27
18_49,18,2,27,27
29_38,17,15,27,27
35_18,20,13,27,27
30_15,23,18,27,27
33_39,19,11,27,27
18_50,7,6,27,27
36_19,22,13,27,27
14_1,17,27,3,27
22_56,12,1,27,27
38_22,20,11,27,27
15_3,20,27,14,27
36_25,16,9,27,27
21_60,15,2,27,27
37_20,10,15,27,27
7_37,4,9,27,27
10_40,11,7,28,28
0_17,28,21,26,28
40_35,15,7,28,28
36_39,17,12,28,28
21_51,13,5,28,28
31_14,15,20,28,28
36_36,20,12,28,28
21_7,21,23,28,28
25_9,16,26,28,28
31_37,20,15,28,28
42_34,15,7,28,28
17_47,18,7,28,28
24_50,21,4,28,28
23_8,24,28,20,28
33_19,22,21,28,28
38_27,23,15,28,28
36_38,11,20,28,28
34_18,20,15,28,28
40_33,13,6,28,28
3_25,10,28,22,28
37_24,18,15,28,28
6_32,8,18,28,28
34_19,13,17,28,28
37_25,10,8,28,28
38_34,19,13,28,28
27_43,6,13,28,28
15_47,13,3,28,28
24_49,13,4,28,28
36_40,15,8,28,28
19_55,8,2,28,28
25_39,22,8,28,28
33_29,23,20,28,28
39_21,10,20,28,28
8_37,8,14,28,28
41_41,17,11,28,28
13_45,15,10,28,28
32_32,24,13,28,28
17_51,9,2,28,28
18_53,8,4,28,28
21_57,9,2,28,28
24_56,12,3,28,28
38_41,16,6,28,28
23_66,7,3,28,28
11_47,4,2,28,28
22_0,2,11,28,28
15_0,3,17,28,28
32_16,19,25,29,29
19_4,6,29,9,29
34_13,12,10,29,29
19_45,21,13,29,29
28_28,29,24,29,29
29_35,20,12,29,29
34_34,29,10,27,29
16_48,15,5,29,29
36_22,17,12,29,29
31_22,25,24,29,29
10_43,8,9,29,29
13_44,13,4,29,29
23_53,12,4,29,29
25_10,27,26,29,29
33_18,23,17,29,29
36_29,21,21,29,29
27_11,23,24,29,29
26_45,14,5,29,29
33_34,29,17,19,29
33_17,20,21,29,29
33_40,15,7,29,29
1_19,15,29,27,29
31_15,20,18,29,29
7_31,16,29,26,29
35_34,17,11,29,29
37_27,29,10,22,29
22_7,16,20,29,29
39_35,19,8,29,29
19_59,12,1,29,29
8_30,10,28,29,29
28_14,24,25,29,29
35_28,20,17,29,29
7_38,6,8,29,29
32_38,20,3,29,29
6_30,12,25,29,29
24_54,12,4,29,29
17_48,10,4,29,29
8_41,6,1,29,29
11_46,6,6,29,29
2_25,8,14,29,29
23_48,20,7,30,30
34_32,20,13,30,30
18_47,19,6,30,30
24_55,5,2,30,30
33_45,9,11,30,30
21_59,4,5,30,30
16_46,13,4,30,30
31_34,21,16,30,30
25_44,17,11,30,30
22_63,9,2,30,30
33_15,23,14,30,30
15_2,27,30,5,30
37_35,24,9,30,30
14_43,20,7,30,30
25_41,27,6,30,30
18_6,27,30,22,30
28_21,23,20,30,30
29_36,23,24,30,30
29_39,20,12,30,30
15_43,25,8,30,30
40_29,15,9,30,30
22_57,12,3,30,30
34_38,15,5,30,30
22_9,22,30,25,30
23_42,25,10,30,30
35_35,26,12,30,30
12_44,11,7,30,30
21_56,10,2,30,30
26_13,24,30,24,30
39_23,14,8,30,30
37_33,18,16,30,30
21_58,9,1,30,30
19_58,5,2,30,30
39_25,8,13,30,30
33_20,21,18,30,30
24_51,13,7,30,30
44_35,10,8,30,30
33_28,17,13,30,30
8_35,5,18,30,30
22_53,5,3,30,30
7_32,11,31,28,31
28_44,12,8,31,31
30_14,27,22,31,31
0_16,18,21,31,31
39_26,11,6,31,31
29_12,18,16,31,31
19_7,26,31,24,31
24_9,31,30,30,31
36_32,24,17,31,31
22_52,15,1,31,31
7_30,9,25,31,31
26_15,31,29,27,31
14_44,23,5,31,31
23_49,20,6,31,31
20_47,19,7,31,31
35_25,21,12,31,31
16_43,15,6,31,31
25_43,12,11,31,31
18_4,6,31,16,31
1_20,17,31,19,31
25_35,31,21,31,31
33_16,23,14,31,31
27_13,19,31,29,31
33_22,31,17,29,31
39_22,10,9,31,31
11_44,10,6,31,31
23_50,21,5,31,31
39_28,22,10,31,31
27_12,20,31,29,31
30_28,23,16,31,31
34_37,28,6,31,31
19_49,20,5,31,31
16_45,19,4,31,31
20_57,9,1,31,31
26_11,24,23,31,31
32_13,13,16,31,31
8_36,13,15,31,31
32_37,19,11,31,31
38_19,13,17,31,31
32_31,31,10,30,31
21_54,11,3,31,31
5_30,11,31,18,31
30_41,15,8,31,31
20_59,9,2,31,31
17_4,17,31,16,31
22_59,13,1,31,31
21_47,17,10,31,31
11_45,6,7,31,31
21_52,7,4,31,31
26_49,4,7,31,31
14_0,7,31,21,31
20_0,4,13,31,31
18_0,4,21,31,31
23_54,6,1,32,32
34_31,15,10,32,32
37_32,16,23,32,32
2_24,11,32,20,32
23_41,21,9,32,32
28_39,22,13,32,32
36_24,23,12,32,32
28_37,24,7,32,32
32_33,19,8,32,32
26_39,19,10,32,32
34_20,15,16,32,32
20_49,19,5,32,32
12_45,7,8,32,32
41_31,14,12,32,32
25_38,32,7,32,32
13_1,30,32,15,32
31_40,18,10,32,32
32_14,19,20,32,32
13_46,13,5,32,32
20_45,22,10,32,32
34_21,19,11,32,32
35_38,9,9,32,32
28_15,29,30,32,32
13_43,16,8,32,32
5_28,14,30,32,32
35_29,29,15,32,32
29_25,27,18,32,32
33_26,23,14,32,32
28_34,24,12,32,32
22_50,9,6,32,32
20_56,7,2,32,32
34_26,19,13,32,32
40_27,20,9,32,32
30_37,20,8,32,32
24_52,15,2,33,33
32_35,33,16,24,33
21_49,22,7,33,33
37_22,22,16,33,33
32_36,20,14,33,33
41_27,14,10,33,33
13_42,18,11,33,33
31_17,20,15,33,33
33_27,24,16,33,33
31_35,22,12,33,33
29_20,24,22,33,33
36_30,19,13,33,33
30_22,25,24,33,33
30_35,26,5,33,33
24_12,31,33,33,33
37_29,23,19,33,33
26_43,21,13,33,33
33_35,19,12,33,33
29_14,20,25,33,33
35_37,15,12,33,33
21_48,13,8,33,33
33_23,20,17,33,33
27_39,24,11,33,33
37_40,13,8,33,33
23_65,11,1,33,33
35_24,21,16,33,33
2_21,18,33,22,33
29_21,33,22,33,33
23_7,17,33,20,33
34_17,14,22,33,33
38_32,13,16,34,34
34_28,24,18,34,34
33_30,23,13,34,34
21_8,20,25,34,34
34_35,20,7,34,34
24_37,33,15,34,34
22_49,15,9,34,34
32_40,15,12,34,34
18_45,16,7,34,34
19_8,27,34,34,34
40_23,15,8,34,34
36_27,23,23,34,34
24_47,14,13,34,34
37_37,17,14,34,34
18_46,23,8,34,34
8_32,11,19,34,34
4_26,16,29,34,34
35_30,20,13,34,34
29_31,23,18,34,34
28_38,14,9,34,34
29_40,24,11,34,34
24_46,13,9,34,34
24_59,4,3,34,34
19_52,13,3,35,35
21_9,25,35,32,35
21_53,11,5,35,35
32_29,24,20,35,35
27_15,25,35,34,35
34_33,16,13,35,35
19_47,16,5,35,35
32_26,29,15,35,35
31_28,28,22,35,35
24_36,35,11,35,35
19_50,13,2,35,35
32_23,13,14,35,35
31_24,19,17,35,35
12_43,17,7,35,35
29_17,19,34,35,35
24_48,13,5,35,35
35_43,13,8,35,35
15_4,22,35,19,35
24_41,23,9,35,35
32_17,21,17,35,35
28_41,15,13,35,35
31_20,16,14,35,35
24_39,22,7,35,35
30_16,23,24,35,35
9_38,5,13,35,35
9_39,10,12,35,35
37_30,11,12,35,35
36_28,16,16,35,35
16_41,26,15,36,36
31_30,24,21,36,36
28_17,31,23,36,36
35_27,19,14,36,36
22_11,36,34,34,36
29_16,23,13,36,36
27_38,36,13,26,36
27_36,28,13,36,36
29_28,34,18,36,36
29_15,11,15,36,36
24_14,36,18,34,36
23_45,12,3,36,36
32_20,19,26,36,36
27_33,33,15,36,36
35_31,36,21,31,36
30_17,21,16,36,36
20_8,23,36,29,36
38_29,12,7,36,36
33_25,14,16,36,36
32_19,21,19,36,36
18_43,29,8,36,36
23_46,24,7,36,36
37_21,21,17,36,36
26_44,19,5,36,36
14_2,23,36,10,36
31_27,36,14,35,36
36_37,17,14,36,36
31_25,20,23,36,36
14_46,14,8,36,36
26_40,15,6,36,36
10_41,9,10,36,36
20_58,8,2,36,36
17_0,5,7,36,36
30_32,23,16,37,37
18_44,18,6,37,37
28_31,37,13,32,37
26_34,33,16,37,37
15_41,37,14,37,37
15_45,16,3,37,37
33_38,15,9,37,37
19_51,16,1,37,37
24_45,21,6,37,37
23_11,35,29,37,37
22_47,14,4,37,37
29_23,28,26,37,37
37_34,19,8,37,37
22_54,10,4,37,37
32_18,17,19,37,37
24_11,21,24,37,37
23_51,13,3,37,37
22_10,19,33,37,37
25_53,12,7,37,37
20_43,19,13,37,37
27_18,29,26,38,38
25_36,21,13,38,38
37_31,27,18,38,38
19_46,22,5,38,38
23_9,18,26,38,38
5_27,11,32,38,38
31_31,25,19,38,38
32_30,26,20,38,38
31_19,20,27,38,38
14_38,19,14,38,38
28_22,28,23,38,38
20_9,32,36,38,38
22_8,19,38,32,38
22_51,14,3,38,38
17_45,15,5,38,38
20_51,13,5,38,38
23_10,29,31,38,38
16_42,22,9,38,38
19_48,25,16,38,38
8_34,10,12,38,38
28_16,25,27,38,38
14_3,27,38,10,38
30_19,24,22,38,38
28_33,21,13,38,38
29_30,24,20,38,38
29_37,22,6,38,38
17_43,14,10,38,38
3_23,21,38,20,38
21_0,7,5,38,38
29_24,39,26,39,39
24_19,38,35,39,39
31_23,22,15,39,39
34_23,15,13,39,39
27_25,38,21,39,39
27_30,35,16,39,39
22_39,30,5,39,39
26_19,30,29,39,39
22_40,22,9,39,39
26_33,29,17,39,39
17_46,16,7,39,39
19_42,23,8,39,39
26_18,39,29,32,39
30_31,33,14,39,39
32_22,26,25,39,39
0_15,22,30,39,39
34_27,27,18,39,39
28_19,36,24,39,39
23_40,26,10,39,39
27_37,25,15,39,39
5_26,9,29,39,39
20_7,30,39,26,39
39_29,15,8,39,39
33_31,28,24,39,39
28_35,23,17,39,39
15_42,24,5,39,39
23_43,20,11,39,39
27_14,20,27,39,39
32_27,23,27,39,39
9_37,9,9,39,39
6_29,7,31,39,39
13_0,5,39,19,39
30_20,24,26,40,40
29_18,25,27,40,40
26_14,38,32,40,40
14_42,14,6,40,40
26_32,34,17,40,40
27_16,37,40,40,40
32_28,30,21,40,40
6_28,19,26,40,40
30_34,30,10,40,40
33_21,25,20,40,40
22_48,16,3,40,40
15_39,23,13,40,40
18_42,22,10,40,40
35_22,18,16,40,40
31_18,29,19,40,40
30_27,40,25,34,40
30_21,23,20,40,40
11_43,15,6,40,40
29_13,20,14,40,40
28_12,18,21,40,40
29_32,27,15,40,40
33_32,24,16,40,40
20_44,17,8,40,40
22_58,16,2,40,40
28_36,21,7,40,40
29_19,27,16,40,40
29_33,26,13,40,40
31_33,18,13,40,40
32_25,28,17,41,41
35_32,23,7,41,41
22_43,25,8,41,41
20_10,41,36,33,41
21_37,27,15,41,41
27_19,27,15,41,41
23_37,23,9,41,41
16_5,26,41,19,41
8_33,14,26,41,41
24_13,23,35,41,41
34_36,23,14,41,41
30_33,24,20,41,41
21_50,15,5,41,41
32_24,26,18,41,41
9_35,13,10,41,41
34_22,26,15,41,41
22_44,20,7,41,41
24_40,16,11,41,41
27_34,26,11,42,42
31_36,12,20,42,42
26_12,21,26,42,42
9_36,10,17,42,42
23_13,35,32,42,42
27_35,26,9,42,42
25_12,36,27,42,42
25_14,29,37,42,42
25_18,42,33,35,42
28_27,35,22,42,42
22_38,25,11,42,42
12_42,17,13,42,42
20_50,12,3,42,42
17_6,21,42,27,42
7_28,11,42,38,42
25_45,13,5,42,42
20_48,20,5,42,42
30_23,23,25,42,42
12_0,7,42,26,42
22_46,11,7,43,43
26_36,36,13,43,43
26_30,43,19,42,43
30_24,30,20,43,43
15_40,20,14,43,43
27_17,23,31,43,43
31_26,30,15,43,43
25_15,27,29,43,43
11_41,10,8,43,43
23_39,36,10,43,43
28_32,31,12,43,43
24_17,29,37,43,43
25_17,35,30,43,43
22_45,18,11,43,43
22_35,38,12,43,43
19_41,25,12,43,43
18_5,22,43,11,43
1_18,32,43,31,43
17_42,15,8,43,43
24_42,18,6,43,43
26_17,28,31,43,43
4_25,13,31,43,43
24_44,14,6,43,43
21_44,26,10,44,44
25_13,44,35,39,44
23_16,34,36,44,44
26_21,33,25,44,44
29_34,23,18,44,44
12_1,44,40,24,44
10_37,19,10,44,44
34_29,17,17,44,44
1_17,30,44,37,44
25_16,30,27,44,44
25_37,28,10,44,44
29_22,29,19,44,44
24_15,44,35,42,44
24_32,44,19,44,44
28_29,44,22,40,44
20_35,32,11,44,44
32_21,22,26,44,44
20_42,19,12,44,44
24_10,24,26,44,44
3_22,14,44,40,44
29_26,33,22,44,44
9_32,13,18,44,44
5_24,20,45,38,45
26_22,36,29,45,45
17_44,22,7,45,45
13_40,24,13,45,45
7_29,16,24,45,45
24_38,23,11,45,45
27_23,33,23,45,45
19_40,22,10,45,45
21_40,23,9,45,45
12_41,17,9,45,45
23_35,29,17,45,45
26_35,27,12,45,45
28_25,33,22,45,45
25_33,28,13,45,45
27_28,32,20,45,45
22_12,27,45,38,45
30_25,33,26,45,45
28_26,29,24,45,45
11_42,11,11,45,45
4_24,19,40,46,46
20_46,26,6,46,46
27_22,45,21,46,46
26_29,27,21,46,46
23_14,40,32,46,46
14_40,29,15,46,46
14_41,31,6,46,46
25_40,16,14,46,46
30_18,22,30,46,46
25_34,25,15,46,46
26_28,40,19,46,46
33_24,20,16,46,46
20_11,20,46,44,46
28_18,21,24,46,46
31_32,21,16,46,46
19_39,27,11,47,47
29_29,25,12,47,47
18_8,43,47,41,47
18_40,26,13,47,47
14_39,31,15,47,47
17_5,18,47,17,47
27_32,39,15,47,47
31_29,41,12,47,47
6_27,13,35,47,47
21_10,29,36,47,47
19_43,30,6,47,47
21_43,22,9,47,47
30_30,21,11,47,47
21_42,21,11,48,48
22_17,48,47,45,48
16_40,20,8,48,48
24_25,48,35,47,48
18_38,27,11,48,48
28_24,31,17,48,48
8_29,15,30,48,48
14_37,25,14,48,48
0_14,24,30,48,48
28_23,36,20,48,48
10_38,6,11,48,48
10_39,8,8,48,48
17_38,28,22,48,48
13_38,24,14,48,48
27_31,28,15,48,48
25_19,36,34,49,49
26_31,43,19,49,49
20_37,35,17,49,49
21_38,34,16,49,49
35_26,22,11,49,49
24_16,31,38,49,49
13_2,39,49,17,49
26_16,37,22,49,49
17_39,31,11,49,49
27_26,32,24,49,49
21_39,24,20,49,49
2_20,21,49,27,49
16_39,21,14,49,49
24_35,32,16,49,49
28_30,38,21,50,50
15_37,34,23,50,50
9_34,9,19,50,50
30_29,23,26,50,50
26_26,38,27,50,50
23_29,43,19,50,50
20_39,20,18,50,50
24_34,44,14,50,50
13_39,24,9,50,50
17_37,32,14,50,50
12_40,26,7,50,50
17_41,25,16,50,50
10_35,15,12,50,50
22_15,43,41,50,50
1_16,33,50,33,50
8_31,7,34,50,50
16_6,32,50,25,50
3_21,28,50,38,50
21_46,13,7,50,50
20_41,30,15,51,51
4_23,18,51,41,51
29_27,21,16,51,51
15_5,32,51,19,51
12_37,21,19,51,51
9_31,22,20,51,51
24_18,41,46,51,51
25_21,38,29,51,51
13_41,24,12,51,51
9_33,14,21,51,51
25_27,45,21,51,51
11_34,21,22,51,51
25_20,34,26,51,51
21_11,36,31,51,51
12_39,20,16,51,51
22_13,46,41,52,52
20_36,27,14,52,52
26_24,26,14,52,52
17_8,43,52,46,52
24_33,39,14,52,52
14_4,28,52,17,52
30_26,22,24,52,52
18_37,28,15,52,52
22_36,25,10,52,52
16_38,26,18,52,52
0_11,44,52,53,53
15_36,27,14,53,53
25_32,42,22,53,53
18_41,25,8,53,53
20_38,23,16,53,53
23_12,34,33,53,53
18_39,25,16,53,53
26_25,36,21,53,53
5_25,14,36,53,53
12_38,18,19,53,53
10_32,20,17,53,53
10_33,14,15,53,53
24_23,46,27,53,53
6_26,24,45,54,54
24_24,45,21,54,54
22_41,28,13,54,54
26_20,30,26,54,54
22_32,40,20,54,54
27_29,41,15,54,54
21_41,24,9,54,54
25_23,44,35,54,54
17_40,34,5,54,54
25_29,54,16,51,54
15_33,21,22,54,54
25_24,34,20,54,54
21_35,37,19,54,54
11_39,7,12,54,54
8_27,24,37,55,55
0_13,38,28,55,55
11_38,15,10,55,55
18_7,33,55,26,55
11_37,22,18,55,55
26_23,41,26,55,55
24_22,45,26,55,55
23_38,24,12,55,55
27_21,31,37,55,55
9_30,14,36,55,55
27_27,33,23,55,55
20_40,30,11,56,56
25_22,46,24,56,56
14_36,20,13,56,56
22_34,30,13,56,56
13_34,23,11,56,56
23_25,55,22,56,56
5_23,22,56,56,56
11_36,21,10,56,56
6_25,24,44,56,56
23_30,56,18,56,56
10_36,15,16,56,56
0_12,46,57,49,57
26_27,46,27,57,57
15_38,20,14,57,57
23_36,24,10,57,57
17_7,34,57,31,57
18_35,31,12,57,57
16_7,51,50,57,57
14_33,38,22,58,58
19_36,39,14,58,58
15_34,35,18,58,58
20_13,46,48,58,58
13_37,30,16,58,58
21_36,23,16,58,58
8_28,23,30,58,58
23_20,54,28,59,59
19_12,46,59,47,59
16_8,47,59,59,59
22_20,58,39,59,59
10_31,13,19,59,59
2_19,34,59,35,59
18_10,42,59,49,59
25_30,47,30,59,59
16_32,29,19,59,59
25_28,40,22,59,59
11_35,14,13,59,59
11_0,12,59,30,59
23_15,35,40,60,60
22_19,55,33,60,60
16_37,32,15,60,60
22_33,37,16,60,60
22_22,60,31,59,60
12_35,25,12,60,60
23_18,37,30,60,60
27_20,21,28,60,60
11_40,17,7,60,60
10_30,24,25,61,61
7_27,22,41,61,61
13_35,25,14,61,61
21_13,35,61,50,61
14_34,27,24,61,61
19_13,61,61,61,61
19_9,35,61,40,61
23_31,47,13,61,61
23_27,51,26,61,61
18_36,32,16,61,61
10_34,24,20,61,61
12_36,23,13,61,61
25_31,52,18,62,62
23_33,51,18,62,62
3_20,29,62,45,62
19_35,38,16,62,62
19_11,54,61,62,62
19_10,34,55,62,62
22_29,46,12,62,62
25_26,43,17,62,62
23_19,52,33,62,62
17_35,37,23,62,62
19_38,21,9,62,62
21_14,38,57,62,62
24_31,50,28,63,63
21_16,38,45,63,63
13_32,26,24,63,63
24_28,53,16,63,63
23_24,63,29,59,63
24_21,33,25,63,63
13_33,24,21,63,63
11_33,27,21,63,63
15_35,36,17,64,64
28_20,27,22,64,64
11_32,25,31,64,64
27_24,40,19,64,64
20_33,34,14,64,64
22_18,50,46,64,64
19_34,43,18,64,64
12_33,29,18,64,64
24_20,50,33,65,65
2_18,50,65,45,65
15_7,49,65,58,65
17_9,49,47,65,65
23_17,65,39,55,65
25_25,62,20,66,66
18_9,40,66,51,66
23_28,66,22,55,66
13_36,26,11,66,66
23_32,39,18,66,66
5_22,40,66,55,66
20_12,66,52,59,66
16_33,29,21,66,66
13_3,39,66,20,66
19_33,30,22,66,66
12_31,28,20,66,66
4_21,31,63,66,66
4_22,19,66,44,66
10_0,19,66,44,66
22_37,28,10,67,67
21_34,28,19,67,67
21_12,33,34,67,67
14_35,30,20,67,67
20_16,58,45,68,68
9_29,28,30,68,68
22_31,49,14,68,68
22_14,35,40,68,68
12_34,20,16,68,68
24_29,55,11,68,68
19_37,32,11,68,68
16_36,21,21,68,68
13_4,42,69,26,69
4_20,43,69,61,69
22_16,50,50,69,69
22_27,61,24,69,69
8_26,38,32,69,69
23_34,35,17,69,69
17_36,24,22,69,69
18_11,59,70,61,70
17_10,54,66,70,70
21_19,70,45,66,70
22_26,68,34,70,70
18_32,35,23,71,71
24_27,47,24,71,71
22_28,55,24,71,71
16_35,30,24,71,71
7_25,24,47,71,71
24_26,42,29,71,71
21_15,52,39,72,72
15_32,27,23,72,72
22_24,62,34,72,72
21_31,47,18,72,72
12_2,60,72,32,72
21_17,59,57,72,72
20_32,44,20,72,72
14_32,24,23,72,72
11_1,58,73,36,73
24_30,37,11,73,73
16_9,70,73,54,73
11_31,24,21,73,73
23_26,48,15,73,73
11_30,28,20,73,73
19_14,45,74,68,74
18_34,26,19,74,74
22_21,61,33,74,74
1_15,40,74,44,74
12_32,29,22,74,74
21_32,39,21,75,75
22_30,60,18,75,75
14_7,63,75,53,75
18_33,38,19,75,75
12_30,30,27,75,75
23_21,48,35,76,76
21_22,54,35,76,76
17_32,37,23,76,76
14_5,27,76,24,76
4_19,50,76,68,76
23_22,64,33,76,76
18_12,66,47,76,76
10_28,25,32,76,76
6_23,35,55,76,76
7_26,20,37,76,76
19_32,32,17,76,76
13_31,28,18,77,77
21_30,46,27,77,77
10_29,14,31,77,77
6_24,20,49,77,77
17_34,28,17,77,77
20_14,31,47,77,77
20_34,37,21,77,77
16_34,28,19,78,78
9_28,15,33,78,78
21_20,60,33,79,79
0_10,45,66,79,79
20_15,51,45,79,79
10_27,38,40,79,79
3_19,39,79,60,79
9_27,28,35,80,80
14_31,33,21,80,80
15_31,31,24,80,80
5_21,39,80,78,80
15_6,41,80,29,80
17_33,41,22,80,80
11_29,30,30,80,80
21_33,29,21,81,81
21_18,69,40,81,81
17_11,55,59,81,81
19_31,40,23,83,83
12_4,44,83,38,83
14_6,53,83,39,83
13_29,33,33,83,83
12_5,79,84,39,84
22_25,61,20,84,84
21_23,77,32,84,84
22_23,61,29,84,84
11_2,69,84,45,84
7_24,30,78,85,85
8_25,27,49,85,85
13_30,29,28,86,86
12_3,36,87,22,87
18_15,82,63,87,87
1_14,58,68,87,87
12_29,26,22,87,87
16_29,43,27,88,88
21_25,74,25,88,88
20_18,61,45,88,88
1_13,84,89,67,89
18_14,82,56,89,89
23_23,57,24,89,89
20_31,35,20,89,89
13_6,87,90,43,90
6_22,43,85,90,90
5_20,33,82,90,90
21_21,53,34,91,91
2_17,70,91,56,91
17_13,91,90,85,91
21_28,54,22,91,91
16_11,82,80,91,91
20_30,23,28,91,91
16_10,81,92,84,92
21_29,54,20,92,92
7_23,38,53,92,92
20_17,68,49,92,92
9_0,26,92,92,92
2_16,74,93,78,93
20_29,48,20,93,93
9_25,47,56,94,94
15_9,89,94,75,94
3_18,34,94,60,94
21_27,62,18,95,95
13_5,47,96,34,96
9_26,39,31,96,96
11_28,27,29,96,96
16_30,33,24,96,96
17_12,84,97,83,97
11_3,77,97,49,97
18_13,61,58,97,97
15_8,72,98,54,98
16_12,90,97,98,98
11_27,38,22,98,98
17_31,34,25,99,99
12_28,34,34,99,99
1_12,97,99,88,99
15_10,99,100,88,100
17_30,46,21,100,100
17_29,40,30,100,100
19_16,71,50,100,100
0_9,58,83,101,101
20_28,61,26,101,101
14_29,39,23,101,101
19_15,58,54,101,101
14_8,91,102,66,102
16_31,42,27,102,102
6_21,37,95,103,103
5_19,69,80,103,103
7_22,48,52,103,103
12_6,77,103,48,103
8_24,31,57,104,104
2_15,87,104,92,104
18_31,41,14,104,104
10_26,27,35,104,104
3_17,62,105,77,105
21_24,74,34,105,105
20_21,65,41,105,105
15_30,37,18,106,106
17_14,83,65,107,107
20_19,60,45,107,107
16_13,84,90,108,108
10_1,60,108,39,108
20_20,67,39,109,109
20_22,73,25,110,110
14_30,39,29,110,110
18_30,53,21,111,111
20_23,78,27,111,111
15_12,103,90,111,111
11_4,61,111,47,111
0_8,93,106,112,112
19_18,86,47,112,112
19_30,40,20,112,112
19_29,49,20,114,114
14_28,56,39,114,114
7_21,58,72,114,114
13_7,83,115,48,115
21_26,56,30,115,115
1_11,103,116,103,116
17_15,97,63,116,116
14_9,116,104,85,116
10_2,81,116,41,116
6_20,46,101,117,117
18_29,46,24,117,117
16_28,43,27,117,117
11_26,49,44,119,119
10_25,38,51,119,119
4_17,62,120,102,120
10_3,78,120,47,120
13_28,46,38,120,120
19_17,77,59,121,121
19_22,89,43,122,122
12_7,122,117,69,122
16_14,105,79,122,122
19_26,67,29,122,122
8_23,35,54,123,123
20_27,56,25,123,123
12_26,51,35,123,123
15_11,123,114,103,123
13_8,112,123,91,123
19_23,80,35,124,124
10_24,62,41,124,124
4_18,57,124,122,124
8_21,57,71,125,125
5_17,77,125,118,125
15_29,45,22,125,125
20_25,63,32,125,125
9_23,59,50,125,125
8_22,45,70,126,126
19_19,77,48,126,126
20_26,59,20,126,126
13_27,53,20,126,126
2_14,127,115,120,127
19_25,62,27,128,128
18_26,61,22,129,129
11_5,79,129,60,129
17_28,36,26,129,129
5_18,58,127,130,130
9_24,47,51,131,131
11_25,52,31,132,132
19_28,60,25,133,133
18_16,77,65,133,133
11_6,108,134,54,134
11_7,117,134,90,134
7_19,57,100,134,134
17_27,52,24,134,134
12_27,49,29,135,135
3_16,69,135,103,135
10_23,63,49,136,136
11_24,48,53,136,136
19_24,74,29,136,136
18_28,41,25,137,137
15_28,51,30,137,137
20_24,70,29,138,138
17_16,86,58,138,138
13_25,79,45,138,138
10_4,70,138,72,138
18_17,98,72,139,139
9_21,69,86,140,140
14_27,52,28,140,140
19_27,62,25,140,140
0_7,103,141,100,141
19_21,88,39,141,141
13_26,60,26,144,144
14_11,144,122,117,144
12_8,141,145,105,145
18_23,85,37,145,145
14_12,145,110,138,145
18_20,100,38,146,146
12_25,71,32,146,146
18_21,81,39,146,146
6_19,64,87,147,147
18_27,53,22,147,147
17_25,68,27,147,147
15_26,64,29,148,148
9_22,55,68,149,149
7_20,55,89,149,149
14_13,123,85,149,149
14_10,150,106,111,150
15_27,51,16,150,150
16_26,61,28,150,150
15_13,106,94,151,151
1_10,128,151,138,151
3_15,95,152,135,152
17_26,58,25,152,152
8_20,57,66,152,152
18_24,76,30,152,152
18_22,99,44,154,154
13_12,150,118,154,154
18_18,99,37,154,154
10_5,100,155,61,155
18_25,76,25,156,156
15_14,114,99,157,157
4_14,81,156,157,157
19_20,89,38,158,158
5_16,90,141,159,159
9_4,96,159,58,159
6_18,69,112,159,159
5_15,90,161,157,161
17_19,114,57,161,161
8_19,86,86,162,162
11_22,92,49,162,162
8_0,40,162,118,162
9_5,120,163,66,163
4_16,76,163,136,163
18_19,116,43,163,163
10_22,71,56,164,164
14_14,136,83,164,164
6_17,87,117,165,165
16_15,125,72,166,166
17_18,101,55,166,166
17_17,98,58,166,166
15_24,64,39,168,168
9_2,114,168,85,168
4_15,97,169,148,169
5_14,106,169,159,169
15_25,76,36,169,169
17_21,108,38,169,169
11_23,76,43,169,169
13_9,170,143,112,170
12_13,166,108,171,171
11_8,171,161,127,171
10_6,142,171,75,171
16_17,125,63,172,172
17_20,111,22,173,173
16_27,53,32,174,174
10_21,94,61,174,174
17_23,82,34,174,174
10_7,144,174,85,174
6_14,100,169,174,174
12_24,72,33,174,174
9_1,95,175,74,175
7_17,97,142,175,175
14_26,63,33,175,175
7_18,62,111,175,175
13_14,137,108,176,176
16_25,70,37,176,176
9_19,68,90,176,176
13_24,69,39,178,178
16_24,81,26,178,178
17_24,73,37,178,178
3_14,95,179,141,179
6_16,108,150,180,180
16_16,102,66,180,180
8_18,109,103,181,181
2_13,144,153,181,181
7_16,98,140,181,181
14_24,80,50,181,181
1_9,149,182,105,182
9_20,77,85,184,184
6_13,133,156,185,185
13_11,186,120,117,186
9_11,187,172,178,187
8_12,187,168,180,187
16_21,123,46,187,187
17_22,98,42,188,188
10_20,98,80,189,189
7_15,125,167,191,191
7_11,162,192,173,192
11_13,193,133,188,193
12_9,193,144,164,193
16_23,102,33,193,193
15_15,115,73,193,193
16_20,111,43,193,193
12_23,69,54,193,193
7_13,148,194,190,194
14_15,132,92,194,194
13_13,155,90,194,194
13_10,194,119,124,194
14_25,61,33,194,194
10_19,96,74,194,194
12_11,196,117,154,196
3_12,126,190,196,196
7_14,125,140,196,196
11_11,197,141,154,197
8_11,187,198,179,198
9_6,155,198,78,198
3_13,101,198,188,198
15_18,112,68,199,199
4_13,88,199,163,199
8_15,145,115,199,199
13_23,87,42,199,199
16_18,99,72,200,200
9_3,84,200,81,200
12_15,186,99,201,201
9_13,155,148,201,201
12_12,201,125,179,201
12_14,173,126,202,202
10_15,178,104,202,202
12_22,95,47,202,202
11_10,203,153,145,203
6_15,117,167,203,203
7_12,162,203,170,203
10_9,204,164,182,204
11_21,93,60,204,204
9_15,157,105,206,206
10_11,206,188,177,206
14_23,95,55,206,206
10_13,187,144,206,206
10_18,130,89,206,206
15_16,124,84,206,206
8_5,136,207,76,207
9_12,207,167,182,207
11_9,207,146,133,207
16_22,96,33,207,207
11_12,208,154,196,208
11_18,143,88,209,209
15_21,107,41,210,210
16_19,126,46,210,210
11_20,101,65,210,210
8_16,145,145,211,211
10_14,190,128,211,211
10_12,211,161,174,211
12_17,158,79,211,211
9_9,212,192,154,212
15_23,90,33,212,212
10_17,140,88,213,213
8_17,109,119,213,213
13_22,105,52,214,214
8_13,147,151,215,215
9_18,98,100,215,215
5_12,117,216,173,216
9_14,154,147,216,216
14_16,159,85,216,216
11_14,177,110,217,217
6_11,131,217,176,217
5_13,95,217,172,217
9_8,218,205,138,218
6_12,134,219,190,219
8_10,220,189,184,220
14_22,90,39,220,220
1_8,140,220,101,220
14_17,122,69,221,221
11_19,129,62,221,221
9_7,174,222,102,222
14_20,123,64,222,222
8_14,174,144,222,222
3_11,110,212,223,223
9_16,165,123,223,223
8_7,206,223,133,223
8_9,224,217,171,224
9_17,112,113,224,224
15_19,127,73,224,224
10_16,156,117,225,225
8_8,209,226,162,226
15_17,109,60,226,226
8_3,97,226,81,226
8_6,156,227,90,227
15_22,88,46,227,227
8_4,119,228,71,228
4_12,90,228,167,228
12_10,228,148,139,228
10_8,228,183,132,228
12_16,166,84,229,229
10_10,229,198,154,229
13_19,110,59,229,229
13_18,139,65,230,230
12_21,74,56,230,230
13_16,167,96,231,231
11_16,162,105,232,232
8_1,102,232,93,232
14_21,109,48,232,232
13_15,189,92,233,233
12_20,121,62,233,233
11_17,162,89,236,236
12_19,134,77,236,236
8_2,95,237,104,237
14_18,152,78,238,238
12_18,147,85,241,241
13_21,101,53,241,241
7_9,199,243,187,243
13_17,169,69,243,243
1_7,155,244,90,244
2_12,167,168,244,244
11_15,167,99,245,245
9_10,245,204,151,245
15_20,116,40,246,246
2_9,161,250,247,250
14_19,129,57,251,251
7_0,74,203,252,252
7_10,188,254,220,254
3_10,118,257,227,257
5_11,109,258,196,258
13_20,108,56,259,259
2_10,178,205,259,259
7_3,113,261,98,261
2_11,195,175,262,262
6_10,178,263,223,263
4_11,90,265,195,265
7_8,187,268,191,268
7_4,93,269,71,269
6_9,171,272,231,272
7_5,130,276,86,276
5_10,145,280,205,280
7_6,174,284,88,284
7_2,159,288,106,288
4_10,117,290,206,290
7_7,199,292,137,292
5_9,135,300,241,300
2_8,157,303,194,303
6_8,182,303,218,303
6_6,144,305,114,305
0_6,305,165,124,305
3_9,115,307,226,307
1_6,242,324,106,324
6_5,124,325,96,325
6_4,101,327,78,327
6_7,167,328,139,328
6_3,109,338,87,338
3_8,115,349,196,349
5_8,163,349,198,349
7_1,233,350,132,350
5_7,141,351,140,351
4_9,135,351,203,351
4_8,125,368,176,368
5_5,120,377,89,377
2_7,141,377,173,377
5_4,106,380,77,380
6_2,122,384,110,384
3_7,118,388,160,388
4_7,122,393,137,393
5_6,133,405,127,405
6_0,90,273,412,412
1_5,423,359,108,423
5_3,77,424,69,424
3_6,138,430,128,430
6_1,155,430,136,430
5_2,117,432,106,432
2_6,176,435,148,435
4_5,122,438,84,438
4_6,125,443,123,443
5_1,105,443,159,443
4_4,102,461,62,461
2_5,207,461,117,461
3_5,105,472,92,472
4_2,94,474,97,474
1_4,483,399,285,483
5_0,69,317,489,489
4_3,96,497,71,497
3_3,99,501,62,501
4_0,60,478,506,506
3_4,114,507,90,507
1_3,313,516,452,516
4_1,94,521,121,521
2_4,200,531,132,531
3_2,84,561,83,561
3_1,74,563,76,563
3_0,39,569,336,569
2_3,130,586,126,586
2_2,105,622,68,622
1_2,149,631,265,631
2_1,93,635,52,635
0_5,763,204,130,763
0_4,1187,245,274,1187
0_3,1326,323,1269,1326
